2024-12-29T00:50:52.726-05:00  INFO 39528 --- [customer_service] [main] c.e.c.CustomerServiceApplication         : Starting CustomerServiceApplication using Java 23.0.1 with PID 39528 (C:\Users\psaik\customer_service\target\classes started by psaik in C:\Users\psaik\customer_service)
2024-12-29T00:50:52.740-05:00 DEBUG 39528 --- [customer_service] [main] c.e.c.CustomerServiceApplication         : Running with Spring Boot v3.3.5, Spring v6.1.14
2024-12-29T00:50:52.742-05:00  INFO 39528 --- [customer_service] [main] c.e.c.CustomerServiceApplication         : No active profile set, falling back to 1 default profile: "default"
2024-12-29T00:50:53.853-05:00  INFO 39528 --- [customer_service] [main] .s.d.r.c.RepositoryConfigurationDelegate : Bootstrapping Spring Data JPA repositories in DEFAULT mode.
2024-12-29T00:50:53.971-05:00  INFO 39528 --- [customer_service] [main] .s.d.r.c.RepositoryConfigurationDelegate : Finished Spring Data repository scanning in 108 ms. Found 1 JPA repository interface.
2024-12-29T00:50:54.846-05:00  INFO 39528 --- [customer_service] [main] o.s.b.w.embedded.tomcat.TomcatWebServer  : Tomcat initialized with port 8080 (http)
2024-12-29T00:50:54.873-05:00  INFO 39528 --- [customer_service] [main] o.apache.catalina.core.StandardService   : Starting service [Tomcat]
2024-12-29T00:50:54.873-05:00  INFO 39528 --- [customer_service] [main] o.apache.catalina.core.StandardEngine    : Starting Servlet engine: [Apache Tomcat/10.1.31]
2024-12-29T00:50:54.959-05:00  INFO 39528 --- [customer_service] [main] o.a.c.c.C.[Tomcat].[localhost].[/]       : Initializing Spring embedded WebApplicationContext
2024-12-29T00:50:54.959-05:00  INFO 39528 --- [customer_service] [main] w.s.c.ServletWebServerApplicationContext : Root WebApplicationContext: initialization completed in 2113 ms
2024-12-29T00:50:55.037-05:00 DEBUG 39528 --- [customer_service] [main] c.e.c.security.JwtRequestFilter          : Filter 'jwtRequestFilter' configured for use
2024-12-29T00:50:55.219-05:00  INFO 39528 --- [customer_service] [main] o.hibernate.jpa.internal.util.LogHelper  : HHH000204: Processing PersistenceUnitInfo [name: default]
2024-12-29T00:50:55.307-05:00  INFO 39528 --- [customer_service] [main] org.hibernate.Version                    : HHH000412: Hibernate ORM core version 6.5.3.Final
2024-12-29T00:50:55.358-05:00  INFO 39528 --- [customer_service] [main] o.h.c.internal.RegionFactoryInitiator    : HHH000026: Second-level cache disabled
2024-12-29T00:50:55.844-05:00  INFO 39528 --- [customer_service] [main] o.s.o.j.p.SpringPersistenceUnitInfo      : No LoadTimeWeaver setup: ignoring JPA class transformer
2024-12-29T00:50:55.886-05:00  INFO 39528 --- [customer_service] [main] com.zaxxer.hikari.HikariDataSource       : HikariPool-1 - Starting...
2024-12-29T00:50:56.116-05:00  INFO 39528 --- [customer_service] [main] com.zaxxer.hikari.pool.HikariPool        : HikariPool-1 - Added connection org.postgresql.jdbc.PgConnection@4ab66127
2024-12-29T00:50:56.117-05:00  INFO 39528 --- [customer_service] [main] com.zaxxer.hikari.HikariDataSource       : HikariPool-1 - Start completed.
2024-12-29T00:50:56.169-05:00  WARN 39528 --- [customer_service] [main] org.hibernate.orm.deprecation            : HHH90000025: PostgreSQLDialect does not need to be specified explicitly using 'hibernate.dialect' (remove the property setting and it will be selected by default)
2024-12-29T00:50:57.545-05:00  INFO 39528 --- [customer_service] [main] o.h.e.t.j.p.i.JtaPlatformInitiator       : HHH000489: No JTA platform available (set 'hibernate.transaction.jta.platform' to enable JTA platform integration)
2024-12-29T00:50:57.674-05:00  INFO 39528 --- [customer_service] [main] j.LocalContainerEntityManagerFactoryBean : Initialized JPA EntityManagerFactory for persistence unit 'default'
2024-12-29T00:50:58.048-05:00  INFO 39528 --- [customer_service] [main] o.s.d.j.r.query.QueryEnhancerFactory     : Hibernate is in classpath; If applicable, HQL parser will be used.
2024-12-29T00:50:58.695-05:00  WARN 39528 --- [customer_service] [main] o.s.aop.framework.CglibAopProxy          : Unable to proxy interface-implementing method [public final void org.springframework.web.filter.OncePerRequestFilter.doFilter(jakarta.servlet.ServletRequest,jakarta.servlet.ServletResponse,jakarta.servlet.FilterChain) throws jakarta.servlet.ServletException,java.io.IOException] because it is marked as final, consider using interface-based JDK proxies instead.
2024-12-29T00:50:58.695-05:00  WARN 39528 --- [customer_service] [main] o.s.aop.framework.CglibAopProxy          : Unable to proxy interface-implementing method [public final void org.springframework.web.filter.GenericFilterBean.init(jakarta.servlet.FilterConfig) throws jakarta.servlet.ServletException] because it is marked as final, consider using interface-based JDK proxies instead.
2024-12-29T00:50:58.836-05:00  WARN 39528 --- [customer_service] [main] JpaBaseConfiguration$JpaWebConfiguration : spring.jpa.open-in-view is enabled by default. Therefore, database queries may be performed during view rendering. Explicitly configure spring.jpa.open-in-view to disable this warning
2024-12-29T00:50:58.941-05:00  INFO 39528 --- [customer_service] [main] eAuthenticationProviderManagerConfigurer : Global AuthenticationManager configured with AuthenticationProvider bean with name authenticationProvider
2024-12-29T00:50:58.941-05:00  WARN 39528 --- [customer_service] [main] r$InitializeUserDetailsManagerConfigurer : Global AuthenticationManager configured with an AuthenticationProvider bean. UserDetailsService beans will not be used for username/password login. Consider removing the AuthenticationProvider bean. Alternatively, consider using the UserDetailsService in a manually instantiated DaoAuthenticationProvider.
2024-12-29T00:50:59.289-05:00 DEBUG 39528 --- [customer_service] [main] s.w.s.m.m.a.RequestMappingHandlerMapping : 11 mappings in 'requestMappingHandlerMapping'
2024-12-29T00:50:59.428-05:00 DEBUG 39528 --- [customer_service] [main] o.s.w.s.handler.SimpleUrlHandlerMapping  : Patterns [/webjars/**, /**] in 'resourceHandlerMapping'
2024-12-29T00:50:59.509-05:00 DEBUG 39528 --- [customer_service] [main] o.s.s.web.DefaultSecurityFilterChain     : Will secure any request with filters: DisableEncodeUrlFilter, WebAsyncManagerIntegrationFilter, SecurityContextHolderFilter, HeaderWriterFilter, LogoutFilter, JwtRequestFilter$$SpringCGLIB$$0, RequestCacheAwareFilter, SecurityContextHolderAwareRequestFilter, AnonymousAuthenticationFilter, ExceptionTranslationFilter, AuthorizationFilter
2024-12-29T00:50:59.604-05:00 DEBUG 39528 --- [customer_service] [main] s.w.s.m.m.a.RequestMappingHandlerAdapter : ControllerAdvice beans: 0 @ModelAttribute, 0 @InitBinder, 1 RequestBodyAdvice, 1 ResponseBodyAdvice
2024-12-29T00:50:59.667-05:00 DEBUG 39528 --- [customer_service] [main] .m.m.a.ExceptionHandlerExceptionResolver : ControllerAdvice beans: 1 @ExceptionHandler, 1 ResponseBodyAdvice
2024-12-29T00:51:00.161-05:00  INFO 39528 --- [customer_service] [main] o.s.b.w.embedded.tomcat.TomcatWebServer  : Tomcat started on port 8080 (http) with context path '/'
2024-12-29T00:51:00.245-05:00  INFO 39528 --- [customer_service] [main] o.a.k.clients.consumer.ConsumerConfig    : ConsumerConfig values: 
	allow.auto.create.topics = true
	auto.commit.interval.ms = 5000
	auto.include.jmx.reporter = true
	auto.offset.reset = latest
	bootstrap.servers = [localhost:9092]
	check.crcs = true
	client.dns.lookup = use_all_dns_ips
	client.id = consumer-customer-group-1
	client.rack = 
	connections.max.idle.ms = 540000
	default.api.timeout.ms = 60000
	enable.auto.commit = false
	enable.metrics.push = true
	exclude.internal.topics = true
	fetch.max.bytes = 52428800
	fetch.max.wait.ms = 500
	fetch.min.bytes = 1
	group.id = customer-group
	group.instance.id = null
	group.protocol = classic
	group.remote.assignor = null
	heartbeat.interval.ms = 3000
	interceptor.classes = []
	internal.leave.group.on.close = true
	internal.throw.on.fetch.stable.offset.unsupported = false
	isolation.level = read_uncommitted
	key.deserializer = class org.apache.kafka.common.serialization.StringDeserializer
	max.partition.fetch.bytes = 1048576
	max.poll.interval.ms = 300000
	max.poll.records = 500
	metadata.max.age.ms = 300000
	metric.reporters = []
	metrics.num.samples = 2
	metrics.recording.level = INFO
	metrics.sample.window.ms = 30000
	partition.assignment.strategy = [class org.apache.kafka.clients.consumer.RangeAssignor, class org.apache.kafka.clients.consumer.CooperativeStickyAssignor]
	receive.buffer.bytes = 65536
	reconnect.backoff.max.ms = 1000
	reconnect.backoff.ms = 50
	request.timeout.ms = 30000
	retry.backoff.max.ms = 1000
	retry.backoff.ms = 100
	sasl.client.callback.handler.class = null
	sasl.jaas.config = null
	sasl.kerberos.kinit.cmd = /usr/bin/kinit
	sasl.kerberos.min.time.before.relogin = 60000
	sasl.kerberos.service.name = null
	sasl.kerberos.ticket.renew.jitter = 0.05
	sasl.kerberos.ticket.renew.window.factor = 0.8
	sasl.login.callback.handler.class = null
	sasl.login.class = null
	sasl.login.connect.timeout.ms = null
	sasl.login.read.timeout.ms = null
	sasl.login.refresh.buffer.seconds = 300
	sasl.login.refresh.min.period.seconds = 60
	sasl.login.refresh.window.factor = 0.8
	sasl.login.refresh.window.jitter = 0.05
	sasl.login.retry.backoff.max.ms = 10000
	sasl.login.retry.backoff.ms = 100
	sasl.mechanism = GSSAPI
	sasl.oauthbearer.clock.skew.seconds = 30
	sasl.oauthbearer.expected.audience = null
	sasl.oauthbearer.expected.issuer = null
	sasl.oauthbearer.jwks.endpoint.refresh.ms = 3600000
	sasl.oauthbearer.jwks.endpoint.retry.backoff.max.ms = 10000
	sasl.oauthbearer.jwks.endpoint.retry.backoff.ms = 100
	sasl.oauthbearer.jwks.endpoint.url = null
	sasl.oauthbearer.scope.claim.name = scope
	sasl.oauthbearer.sub.claim.name = sub
	sasl.oauthbearer.token.endpoint.url = null
	security.protocol = PLAINTEXT
	security.providers = null
	send.buffer.bytes = 131072
	session.timeout.ms = 45000
	socket.connection.setup.timeout.max.ms = 30000
	socket.connection.setup.timeout.ms = 10000
	ssl.cipher.suites = null
	ssl.enabled.protocols = [TLSv1.2, TLSv1.3]
	ssl.endpoint.identification.algorithm = https
	ssl.engine.factory.class = null
	ssl.key.password = null
	ssl.keymanager.algorithm = SunX509
	ssl.keystore.certificate.chain = null
	ssl.keystore.key = null
	ssl.keystore.location = null
	ssl.keystore.password = null
	ssl.keystore.type = JKS
	ssl.protocol = TLSv1.3
	ssl.provider = null
	ssl.secure.random.implementation = null
	ssl.trustmanager.algorithm = PKIX
	ssl.truststore.certificates = null
	ssl.truststore.location = null
	ssl.truststore.password = null
	ssl.truststore.type = JKS
	value.deserializer = class org.apache.kafka.common.serialization.StringDeserializer

2024-12-29T00:51:00.336-05:00  INFO 39528 --- [customer_service] [main] o.a.k.c.t.i.KafkaMetricsCollector        : initializing Kafka metrics collector
2024-12-29T00:51:00.520-05:00  INFO 39528 --- [customer_service] [main] o.a.kafka.common.utils.AppInfoParser     : Kafka version: 3.7.1
2024-12-29T00:51:00.520-05:00  INFO 39528 --- [customer_service] [main] o.a.kafka.common.utils.AppInfoParser     : Kafka commitId: e2494e6ffb89f828
2024-12-29T00:51:00.520-05:00  INFO 39528 --- [customer_service] [main] o.a.kafka.common.utils.AppInfoParser     : Kafka startTimeMs: 1735451460518
2024-12-29T00:51:00.525-05:00  INFO 39528 --- [customer_service] [main] o.a.k.c.c.internals.LegacyKafkaConsumer  : [Consumer clientId=consumer-customer-group-1, groupId=customer-group] Subscribed to topic(s): candidate-topic
2024-12-29T00:51:00.541-05:00  INFO 39528 --- [customer_service] [main] c.e.c.CustomerServiceApplication         : Started CustomerServiceApplication in 8.627 seconds (process running for 9.944)
2024-12-29T00:51:01.258-05:00  INFO 39528 --- [customer_service] [org.springframework.kafka.KafkaListenerEndpointContainer#0-0-C-1] org.apache.kafka.clients.Metadata        : [Consumer clientId=consumer-customer-group-1, groupId=customer-group] Cluster ID: 6QNKo5SKSy-mP2MZTGkWcg
2024-12-29T00:51:01.309-05:00  INFO 39528 --- [customer_service] [org.springframework.kafka.KafkaListenerEndpointContainer#0-0-C-1] o.a.k.c.c.internals.ConsumerCoordinator  : [Consumer clientId=consumer-customer-group-1, groupId=customer-group] Discovered group coordinator host.docker.internal:9092 (id: 2147483647 rack: null)
2024-12-29T00:51:01.331-05:00  INFO 39528 --- [customer_service] [org.springframework.kafka.KafkaListenerEndpointContainer#0-0-C-1] o.a.k.c.c.internals.ConsumerCoordinator  : [Consumer clientId=consumer-customer-group-1, groupId=customer-group] (Re-)joining group
2024-12-29T00:51:01.544-05:00  INFO 39528 --- [customer_service] [org.springframework.kafka.KafkaListenerEndpointContainer#0-0-C-1] o.a.k.c.c.internals.ConsumerCoordinator  : [Consumer clientId=consumer-customer-group-1, groupId=customer-group] Request joining group due to: need to re-join with the given member-id: consumer-customer-group-1-10b941c4-3b1c-4c79-aaf1-09f2a68ba1cb
2024-12-29T00:51:01.545-05:00  INFO 39528 --- [customer_service] [org.springframework.kafka.KafkaListenerEndpointContainer#0-0-C-1] o.a.k.c.c.internals.ConsumerCoordinator  : [Consumer clientId=consumer-customer-group-1, groupId=customer-group] (Re-)joining group
2024-12-29T00:51:01.620-05:00  INFO 39528 --- [customer_service] [org.springframework.kafka.KafkaListenerEndpointContainer#0-0-C-1] o.a.k.c.c.internals.ConsumerCoordinator  : [Consumer clientId=consumer-customer-group-1, groupId=customer-group] Successfully joined group with generation Generation{generationId=21, memberId='consumer-customer-group-1-10b941c4-3b1c-4c79-aaf1-09f2a68ba1cb', protocol='range'}
2024-12-29T00:51:01.629-05:00  INFO 39528 --- [customer_service] [org.springframework.kafka.KafkaListenerEndpointContainer#0-0-C-1] o.a.k.c.c.internals.ConsumerCoordinator  : [Consumer clientId=consumer-customer-group-1, groupId=customer-group] Finished assignment for group at generation 21: {consumer-customer-group-1-10b941c4-3b1c-4c79-aaf1-09f2a68ba1cb=Assignment(partitions=[candidate-topic-0])}
2024-12-29T00:51:01.875-05:00  INFO 39528 --- [customer_service] [org.springframework.kafka.KafkaListenerEndpointContainer#0-0-C-1] o.a.k.c.c.internals.ConsumerCoordinator  : [Consumer clientId=consumer-customer-group-1, groupId=customer-group] Successfully synced group in generation Generation{generationId=21, memberId='consumer-customer-group-1-10b941c4-3b1c-4c79-aaf1-09f2a68ba1cb', protocol='range'}
2024-12-29T00:51:01.880-05:00  INFO 39528 --- [customer_service] [org.springframework.kafka.KafkaListenerEndpointContainer#0-0-C-1] o.a.k.c.c.internals.ConsumerCoordinator  : [Consumer clientId=consumer-customer-group-1, groupId=customer-group] Notifying assignor about the new Assignment(partitions=[candidate-topic-0])
2024-12-29T00:51:01.889-05:00  INFO 39528 --- [customer_service] [org.springframework.kafka.KafkaListenerEndpointContainer#0-0-C-1] k.c.c.i.ConsumerRebalanceListenerInvoker : [Consumer clientId=consumer-customer-group-1, groupId=customer-group] Adding newly assigned partitions: candidate-topic-0
2024-12-29T00:51:01.967-05:00  INFO 39528 --- [customer_service] [org.springframework.kafka.KafkaListenerEndpointContainer#0-0-C-1] o.a.k.c.c.internals.ConsumerUtils        : Setting offset for partition candidate-topic-0 to the committed offset FetchPosition{offset=18, offsetEpoch=Optional.empty, currentLeader=LeaderAndEpoch{leader=Optional[host.docker.internal:9092 (id: 0 rack: null)], epoch=0}}
2024-12-29T00:51:01.969-05:00  INFO 39528 --- [customer_service] [org.springframework.kafka.KafkaListenerEndpointContainer#0-0-C-1] o.s.k.l.KafkaMessageListenerContainer    : customer-group: partitions assigned: [candidate-topic-0]
2024-12-29T00:53:29.172-05:00  INFO 39528 --- [customer_service] [org.springframework.kafka.KafkaListenerEndpointContainer#0-0-C-1] c.e.c.kafka.CustomerConsumerService      : Received Customer ID: 1
2024-12-29T00:53:29.568-05:00  INFO 39528 --- [customer_service] [org.springframework.kafka.KafkaListenerEndpointContainer#0-0-C-1] c.e.c.kafka.CustomerConsumerService      : Customer details cached: Customer(id=1, name=Keertana, industry=Technology, companySize=50-100, email=Keertanap@gmail.com, phoneNumber=9899123234, address=123 Blvd Lane, status=enabled, role=ADMIN, password=$2a$06$CKawjXfla2PtdllF5yqNWOl1mlql6GcOGtIXWMlxycOa06N88ANVC)
2024-12-29T00:54:35.605-05:00  INFO 39528 --- [customer_service] [http-nio-8080-exec-2] o.a.c.c.C.[Tomcat].[localhost].[/]       : Initializing Spring DispatcherServlet 'dispatcherServlet'
2024-12-29T00:54:35.606-05:00  INFO 39528 --- [customer_service] [http-nio-8080-exec-2] o.s.web.servlet.DispatcherServlet        : Initializing Servlet 'dispatcherServlet'
2024-12-29T00:54:35.608-05:00 DEBUG 39528 --- [customer_service] [http-nio-8080-exec-2] o.s.web.servlet.DispatcherServlet        : Detected StandardServletMultipartResolver
2024-12-29T00:54:35.609-05:00 DEBUG 39528 --- [customer_service] [http-nio-8080-exec-2] o.s.web.servlet.DispatcherServlet        : Detected AcceptHeaderLocaleResolver
2024-12-29T00:54:35.609-05:00 DEBUG 39528 --- [customer_service] [http-nio-8080-exec-2] o.s.web.servlet.DispatcherServlet        : Detected FixedThemeResolver
2024-12-29T00:54:35.616-05:00 DEBUG 39528 --- [customer_service] [http-nio-8080-exec-2] o.s.web.servlet.DispatcherServlet        : Detected org.springframework.web.servlet.view.DefaultRequestToViewNameTranslator@623dac3
2024-12-29T00:54:35.619-05:00 DEBUG 39528 --- [customer_service] [http-nio-8080-exec-2] o.s.web.servlet.DispatcherServlet        : Detected org.springframework.web.servlet.support.SessionFlashMapManager@dd3d0a6
2024-12-29T00:54:35.622-05:00 DEBUG 39528 --- [customer_service] [http-nio-8080-exec-2] o.s.web.servlet.DispatcherServlet        : enableLoggingRequestDetails='false': request parameters and headers will be masked to prevent unsafe logging of potentially sensitive data
2024-12-29T00:54:35.622-05:00  INFO 39528 --- [customer_service] [http-nio-8080-exec-2] o.s.web.servlet.DispatcherServlet        : Completed initialization in 15 ms
2024-12-29T00:54:35.751-05:00 DEBUG 39528 --- [customer_service] [http-nio-8080-exec-2] o.s.security.web.FilterChainProxy        : Securing POST /api/v1/auth/login
2024-12-29T00:54:35.818-05:00 DEBUG 39528 --- [customer_service] [http-nio-8080-exec-2] o.s.security.web.FilterChainProxy        : Secured POST /api/v1/auth/login
2024-12-29T00:54:35.835-05:00 DEBUG 39528 --- [customer_service] [http-nio-8080-exec-2] o.s.web.servlet.DispatcherServlet        : POST "/api/v1/auth/login", parameters={}
2024-12-29T00:54:35.850-05:00 DEBUG 39528 --- [customer_service] [http-nio-8080-exec-2] s.w.s.m.m.a.RequestMappingHandlerMapping : Mapped to com.example.customer_service.controller.AuthController#login(AuthRequest)
2024-12-29T00:54:36.289-05:00 DEBUG 39528 --- [customer_service] [http-nio-8080-exec-2] m.m.a.RequestResponseBodyMethodProcessor : Read "application/json;charset=UTF-8" to [AuthRequest(email=Keertanap@gmail.com, password=1234)]
2024-12-29T00:54:36.945-05:00 DEBUG 39528 --- [customer_service] [http-nio-8080-exec-2] o.s.s.a.dao.DaoAuthenticationProvider    : Authenticated user
2024-12-29T00:54:37.191-05:00 DEBUG 39528 --- [customer_service] [http-nio-8080-exec-2] m.m.a.RequestResponseBodyMethodProcessor : Using 'application/json', given [*/*] and supported [application/json, application/*+json]
2024-12-29T00:54:37.194-05:00 DEBUG 39528 --- [customer_service] [http-nio-8080-exec-2] m.m.a.RequestResponseBodyMethodProcessor : Writing [AuthResponse(token=eyJhbGciOiJIUzI1NiJ9.eyJzdWIiOiJLZWVydGFuYXBAZ21haWwuY29tIiwicm9sZXMiOlsiUk9MRV9B (truncated)...]
2024-12-29T00:54:37.235-05:00 DEBUG 39528 --- [customer_service] [http-nio-8080-exec-2] o.s.web.servlet.DispatcherServlet        : Completed 200 OK
2024-12-29T00:54:37.244-05:00 DEBUG 39528 --- [customer_service] [http-nio-8080-exec-2] o.s.s.w.a.AnonymousAuthenticationFilter  : Set SecurityContextHolder to anonymous SecurityContext
2024-12-29T00:54:50.773-05:00 DEBUG 39528 --- [customer_service] [http-nio-8080-exec-3] o.s.security.web.FilterChainProxy        : Securing GET /api/v1/customers/receive/1
2024-12-29T00:54:51.145-05:00 DEBUG 39528 --- [customer_service] [http-nio-8080-exec-3] o.s.security.web.FilterChainProxy        : Secured GET /api/v1/customers/receive/1
2024-12-29T00:54:51.146-05:00 DEBUG 39528 --- [customer_service] [http-nio-8080-exec-3] o.s.web.servlet.DispatcherServlet        : GET "/api/v1/customers/receive/1", parameters={}
2024-12-29T00:54:51.147-05:00 DEBUG 39528 --- [customer_service] [http-nio-8080-exec-3] s.w.s.m.m.a.RequestMappingHandlerMapping : Mapped to com.example.customer_service.controller.CustomerController#getCustomer(Long)
2024-12-29T00:54:51.173-05:00 DEBUG 39528 --- [customer_service] [http-nio-8080-exec-3] o.s.w.s.m.m.a.HttpEntityMethodProcessor  : Using 'application/json', given [*/*] and supported [application/json, application/*+json]
2024-12-29T00:54:51.174-05:00 DEBUG 39528 --- [customer_service] [http-nio-8080-exec-3] o.s.w.s.m.m.a.HttpEntityMethodProcessor  : Writing [{customer=Customer(id=1, name=Keertana, industry=Technology, companySize=50-100, email=Keertanap@gma (truncated)...]
2024-12-29T00:54:51.183-05:00 DEBUG 39528 --- [customer_service] [http-nio-8080-exec-3] o.s.web.servlet.DispatcherServlet        : Completed 200 OK
2024-12-29T00:55:09.447-05:00  INFO 39528 --- [customer_service] [org.springframework.kafka.KafkaListenerEndpointContainer#0-0-C-1] c.e.c.kafka.CustomerConsumerService      : Received Customer ID: 4
2024-12-29T00:55:09.453-05:00  INFO 39528 --- [customer_service] [org.springframework.kafka.KafkaListenerEndpointContainer#0-0-C-1] c.e.c.kafka.CustomerConsumerService      : Customer details cached: Customer(id=4, name=John, industry=IT, companySize=50, email=john@gmail.com, phoneNumber=1234567890, address=121 Suuny Lake Lane, status=enabled, role=ADMIN, password=$2a$06$5OESBeWnJFw6WLcDKLd4w.AOAq5yTn3EC8Xp/BwiIvr1IA1h6KhO2)
2024-12-29T00:55:33.774-05:00 DEBUG 39528 --- [customer_service] [http-nio-8080-exec-9] o.s.security.web.FilterChainProxy        : Securing GET /api/v1/customers/receive/4
2024-12-29T00:55:33.805-05:00 DEBUG 39528 --- [customer_service] [http-nio-8080-exec-9] o.s.security.web.FilterChainProxy        : Secured GET /api/v1/customers/receive/4
2024-12-29T00:55:33.806-05:00 DEBUG 39528 --- [customer_service] [http-nio-8080-exec-9] o.s.web.servlet.DispatcherServlet        : GET "/api/v1/customers/receive/4", parameters={}
2024-12-29T00:55:33.807-05:00 DEBUG 39528 --- [customer_service] [http-nio-8080-exec-9] s.w.s.m.m.a.RequestMappingHandlerMapping : Mapped to com.example.customer_service.controller.CustomerController#getCustomer(Long)
2024-12-29T00:55:33.812-05:00 DEBUG 39528 --- [customer_service] [http-nio-8080-exec-9] o.s.w.s.m.m.a.HttpEntityMethodProcessor  : Using 'application/json', given [*/*] and supported [application/json, application/*+json]
2024-12-29T00:55:33.813-05:00 DEBUG 39528 --- [customer_service] [http-nio-8080-exec-9] o.s.w.s.m.m.a.HttpEntityMethodProcessor  : Writing [{customer=Customer(id=4, name=John, industry=IT, companySize=50, email=john@gmail.com, phoneNumber=1 (truncated)...]
2024-12-29T00:55:33.817-05:00 DEBUG 39528 --- [customer_service] [http-nio-8080-exec-9] o.s.web.servlet.DispatcherServlet        : Completed 200 OK
2024-12-29T01:00:01.361-05:00  INFO 39528 --- [customer_service] [org.springframework.kafka.KafkaListenerEndpointContainer#0-0-C-1] org.apache.kafka.clients.NetworkClient   : [Consumer clientId=consumer-customer-group-1, groupId=customer-group] Node -1 disconnected.
2024-12-29T01:10:01.721-05:00  INFO 39528 --- [customer_service] [org.springframework.kafka.KafkaListenerEndpointContainer#0-0-C-1] org.apache.kafka.clients.NetworkClient   : [Consumer clientId=consumer-customer-group-1, groupId=customer-group] Node -1 disconnected.
2024-12-29T01:18:15.258-05:00  INFO 39528 --- [customer_service] [org.springframework.kafka.KafkaListenerEndpointContainer#0-0-C-1] k.c.c.i.ConsumerRebalanceListenerInvoker : [Consumer clientId=consumer-customer-group-1, groupId=customer-group] Revoke previously assigned partitions candidate-topic-0
2024-12-29T01:18:15.286-05:00  INFO 39528 --- [customer_service] [org.springframework.kafka.KafkaListenerEndpointContainer#0-0-C-1] o.s.k.l.KafkaMessageListenerContainer    : customer-group: partitions revoked: [candidate-topic-0]
2024-12-29T01:18:15.293-05:00  INFO 39528 --- [customer_service] [org.springframework.kafka.KafkaListenerEndpointContainer#0-0-C-1] o.a.k.c.c.internals.ConsumerCoordinator  : [Consumer clientId=consumer-customer-group-1, groupId=customer-group] Member consumer-customer-group-1-10b941c4-3b1c-4c79-aaf1-09f2a68ba1cb sending LeaveGroup request to coordinator host.docker.internal:9092 (id: 2147483647 rack: null) due to the consumer unsubscribed from all topics
2024-12-29T01:18:15.299-05:00  INFO 39528 --- [customer_service] [org.springframework.kafka.KafkaListenerEndpointContainer#0-0-C-1] o.a.k.c.c.internals.ConsumerCoordinator  : [Consumer clientId=consumer-customer-group-1, groupId=customer-group] Resetting generation and member id due to: consumer pro-actively leaving the group
2024-12-29T01:18:15.299-05:00  INFO 39528 --- [customer_service] [org.springframework.kafka.KafkaListenerEndpointContainer#0-0-C-1] o.a.k.c.c.internals.ConsumerCoordinator  : [Consumer clientId=consumer-customer-group-1, groupId=customer-group] Request joining group due to: consumer pro-actively leaving the group
2024-12-29T01:18:15.300-05:00  INFO 39528 --- [customer_service] [org.springframework.kafka.KafkaListenerEndpointContainer#0-0-C-1] o.a.k.c.c.internals.LegacyKafkaConsumer  : [Consumer clientId=consumer-customer-group-1, groupId=customer-group] Unsubscribed all topics or patterns and assigned partitions
2024-12-29T01:18:15.337-05:00  INFO 39528 --- [customer_service] [org.springframework.kafka.KafkaListenerEndpointContainer#0-0-C-1] o.a.k.c.c.internals.ConsumerCoordinator  : [Consumer clientId=consumer-customer-group-1, groupId=customer-group] Resetting generation and member id due to: consumer pro-actively leaving the group
2024-12-29T01:18:15.338-05:00  INFO 39528 --- [customer_service] [org.springframework.kafka.KafkaListenerEndpointContainer#0-0-C-1] o.a.k.c.c.internals.ConsumerCoordinator  : [Consumer clientId=consumer-customer-group-1, groupId=customer-group] Request joining group due to: consumer pro-actively leaving the group
2024-12-29T01:18:15.815-05:00  INFO 39528 --- [customer_service] [org.springframework.kafka.KafkaListenerEndpointContainer#0-0-C-1] o.apache.kafka.common.metrics.Metrics    : Metrics scheduler closed
2024-12-29T01:18:15.817-05:00  INFO 39528 --- [customer_service] [org.springframework.kafka.KafkaListenerEndpointContainer#0-0-C-1] o.apache.kafka.common.metrics.Metrics    : Closing reporter org.apache.kafka.common.metrics.JmxReporter
2024-12-29T01:18:15.820-05:00  INFO 39528 --- [customer_service] [org.springframework.kafka.KafkaListenerEndpointContainer#0-0-C-1] o.apache.kafka.common.metrics.Metrics    : Closing reporter org.apache.kafka.common.telemetry.internals.ClientTelemetryReporter
2024-12-29T01:18:15.822-05:00  INFO 39528 --- [customer_service] [org.springframework.kafka.KafkaListenerEndpointContainer#0-0-C-1] o.apache.kafka.common.metrics.Metrics    : Metrics reporters closed
2024-12-29T01:18:15.925-05:00  INFO 39528 --- [customer_service] [org.springframework.kafka.KafkaListenerEndpointContainer#0-0-C-1] o.a.kafka.common.utils.AppInfoParser     : App info kafka.consumer for consumer-customer-group-1 unregistered
2024-12-29T01:18:15.941-05:00  INFO 39528 --- [customer_service] [org.springframework.kafka.KafkaListenerEndpointContainer#0-0-C-1] o.s.k.l.KafkaMessageListenerContainer    : customer-group: Consumer stopped
2024-12-29T01:18:16.169-05:00  INFO 39528 --- [customer_service] [SpringApplicationShutdownHook] j.LocalContainerEntityManagerFactoryBean : Closing JPA EntityManagerFactory for persistence unit 'default'
2024-12-29T01:18:16.256-05:00  INFO 39528 --- [customer_service] [SpringApplicationShutdownHook] com.zaxxer.hikari.HikariDataSource       : HikariPool-1 - Shutdown initiated...
2024-12-29T01:18:16.300-05:00  INFO 39528 --- [customer_service] [SpringApplicationShutdownHook] com.zaxxer.hikari.HikariDataSource       : HikariPool-1 - Shutdown completed.
2024-12-29T02:14:49.820-05:00  INFO 24092 --- [customer_service] [main] c.e.c.CustomerServiceApplication         : Starting CustomerServiceApplication using Java 23.0.1 with PID 24092 (C:\Users\psaik\customer_service\target\classes started by psaik in C:\Users\psaik\customer_service)
2024-12-29T02:14:49.825-05:00 DEBUG 24092 --- [customer_service] [main] c.e.c.CustomerServiceApplication         : Running with Spring Boot v3.3.5, Spring v6.1.14
2024-12-29T02:14:49.827-05:00  INFO 24092 --- [customer_service] [main] c.e.c.CustomerServiceApplication         : No active profile set, falling back to 1 default profile: "default"
2024-12-29T02:14:51.138-05:00  INFO 24092 --- [customer_service] [main] .s.d.r.c.RepositoryConfigurationDelegate : Bootstrapping Spring Data JPA repositories in DEFAULT mode.
2024-12-29T02:14:51.262-05:00  INFO 24092 --- [customer_service] [main] .s.d.r.c.RepositoryConfigurationDelegate : Finished Spring Data repository scanning in 107 ms. Found 1 JPA repository interface.
2024-12-29T02:14:52.308-05:00  INFO 24092 --- [customer_service] [main] o.s.b.w.embedded.tomcat.TomcatWebServer  : Tomcat initialized with port 8080 (http)
2024-12-29T02:14:52.342-05:00  INFO 24092 --- [customer_service] [main] o.apache.catalina.core.StandardService   : Starting service [Tomcat]
2024-12-29T02:14:52.345-05:00  INFO 24092 --- [customer_service] [main] o.apache.catalina.core.StandardEngine    : Starting Servlet engine: [Apache Tomcat/10.1.31]
2024-12-29T02:14:52.466-05:00  INFO 24092 --- [customer_service] [main] o.a.c.c.C.[Tomcat].[localhost].[/]       : Initializing Spring embedded WebApplicationContext
2024-12-29T02:14:52.466-05:00  INFO 24092 --- [customer_service] [main] w.s.c.ServletWebServerApplicationContext : Root WebApplicationContext: initialization completed in 2519 ms
2024-12-29T02:14:52.560-05:00 DEBUG 24092 --- [customer_service] [main] c.e.c.security.JwtRequestFilter          : Filter 'jwtRequestFilter' configured for use
2024-12-29T02:14:52.749-05:00  INFO 24092 --- [customer_service] [main] o.hibernate.jpa.internal.util.LogHelper  : HHH000204: Processing PersistenceUnitInfo [name: default]
2024-12-29T02:14:52.892-05:00  INFO 24092 --- [customer_service] [main] org.hibernate.Version                    : HHH000412: Hibernate ORM core version 6.5.3.Final
2024-12-29T02:14:52.958-05:00  INFO 24092 --- [customer_service] [main] o.h.c.internal.RegionFactoryInitiator    : HHH000026: Second-level cache disabled
2024-12-29T02:14:53.628-05:00  INFO 24092 --- [customer_service] [main] o.s.o.j.p.SpringPersistenceUnitInfo      : No LoadTimeWeaver setup: ignoring JPA class transformer
2024-12-29T02:14:53.689-05:00  INFO 24092 --- [customer_service] [main] com.zaxxer.hikari.HikariDataSource       : HikariPool-1 - Starting...
2024-12-29T02:14:54.034-05:00  INFO 24092 --- [customer_service] [main] com.zaxxer.hikari.pool.HikariPool        : HikariPool-1 - Added connection org.postgresql.jdbc.PgConnection@2a425cf5
2024-12-29T02:14:54.037-05:00  INFO 24092 --- [customer_service] [main] com.zaxxer.hikari.HikariDataSource       : HikariPool-1 - Start completed.
2024-12-29T02:14:54.096-05:00  WARN 24092 --- [customer_service] [main] org.hibernate.orm.deprecation            : HHH90000025: PostgreSQLDialect does not need to be specified explicitly using 'hibernate.dialect' (remove the property setting and it will be selected by default)
2024-12-29T02:14:55.892-05:00  INFO 24092 --- [customer_service] [main] o.h.e.t.j.p.i.JtaPlatformInitiator       : HHH000489: No JTA platform available (set 'hibernate.transaction.jta.platform' to enable JTA platform integration)
2024-12-29T02:14:56.053-05:00  INFO 24092 --- [customer_service] [main] j.LocalContainerEntityManagerFactoryBean : Initialized JPA EntityManagerFactory for persistence unit 'default'
2024-12-29T02:14:56.610-05:00  INFO 24092 --- [customer_service] [main] o.s.d.j.r.query.QueryEnhancerFactory     : Hibernate is in classpath; If applicable, HQL parser will be used.
2024-12-29T02:14:57.557-05:00  WARN 24092 --- [customer_service] [main] o.s.aop.framework.CglibAopProxy          : Unable to proxy interface-implementing method [public final void org.springframework.web.filter.OncePerRequestFilter.doFilter(jakarta.servlet.ServletRequest,jakarta.servlet.ServletResponse,jakarta.servlet.FilterChain) throws jakarta.servlet.ServletException,java.io.IOException] because it is marked as final, consider using interface-based JDK proxies instead.
2024-12-29T02:14:57.557-05:00  WARN 24092 --- [customer_service] [main] o.s.aop.framework.CglibAopProxy          : Unable to proxy interface-implementing method [public final void org.springframework.web.filter.GenericFilterBean.init(jakarta.servlet.FilterConfig) throws jakarta.servlet.ServletException] because it is marked as final, consider using interface-based JDK proxies instead.
2024-12-29T02:14:57.753-05:00  WARN 24092 --- [customer_service] [main] JpaBaseConfiguration$JpaWebConfiguration : spring.jpa.open-in-view is enabled by default. Therefore, database queries may be performed during view rendering. Explicitly configure spring.jpa.open-in-view to disable this warning
2024-12-29T02:14:57.825-05:00  INFO 24092 --- [customer_service] [main] eAuthenticationProviderManagerConfigurer : Global AuthenticationManager configured with AuthenticationProvider bean with name authenticationProvider
2024-12-29T02:14:57.826-05:00  WARN 24092 --- [customer_service] [main] r$InitializeUserDetailsManagerConfigurer : Global AuthenticationManager configured with an AuthenticationProvider bean. UserDetailsService beans will not be used for username/password login. Consider removing the AuthenticationProvider bean. Alternatively, consider using the UserDetailsService in a manually instantiated DaoAuthenticationProvider.
2024-12-29T02:14:58.190-05:00 DEBUG 24092 --- [customer_service] [main] s.w.s.m.m.a.RequestMappingHandlerMapping : 10 mappings in 'requestMappingHandlerMapping'
2024-12-29T02:14:58.360-05:00 DEBUG 24092 --- [customer_service] [main] o.s.w.s.handler.SimpleUrlHandlerMapping  : Patterns [/webjars/**, /**] in 'resourceHandlerMapping'
2024-12-29T02:14:58.408-05:00 DEBUG 24092 --- [customer_service] [main] o.s.s.web.DefaultSecurityFilterChain     : Will secure any request with filters: DisableEncodeUrlFilter, WebAsyncManagerIntegrationFilter, SecurityContextHolderFilter, HeaderWriterFilter, LogoutFilter, JwtRequestFilter$$SpringCGLIB$$0, RequestCacheAwareFilter, SecurityContextHolderAwareRequestFilter, AnonymousAuthenticationFilter, ExceptionTranslationFilter, AuthorizationFilter
2024-12-29T02:14:58.577-05:00 DEBUG 24092 --- [customer_service] [main] s.w.s.m.m.a.RequestMappingHandlerAdapter : ControllerAdvice beans: 0 @ModelAttribute, 0 @InitBinder, 1 RequestBodyAdvice, 1 ResponseBodyAdvice
2024-12-29T02:14:58.661-05:00 DEBUG 24092 --- [customer_service] [main] .m.m.a.ExceptionHandlerExceptionResolver : ControllerAdvice beans: 1 @ExceptionHandler, 1 ResponseBodyAdvice
2024-12-29T02:14:59.069-05:00  INFO 24092 --- [customer_service] [main] o.s.b.w.embedded.tomcat.TomcatWebServer  : Tomcat started on port 8080 (http) with context path '/'
2024-12-29T02:14:59.155-05:00  INFO 24092 --- [customer_service] [main] o.a.k.clients.consumer.ConsumerConfig    : ConsumerConfig values: 
	allow.auto.create.topics = true
	auto.commit.interval.ms = 5000
	auto.include.jmx.reporter = true
	auto.offset.reset = latest
	bootstrap.servers = [localhost:9092]
	check.crcs = true
	client.dns.lookup = use_all_dns_ips
	client.id = consumer-customer-group-1
	client.rack = 
	connections.max.idle.ms = 540000
	default.api.timeout.ms = 60000
	enable.auto.commit = false
	enable.metrics.push = true
	exclude.internal.topics = true
	fetch.max.bytes = 52428800
	fetch.max.wait.ms = 500
	fetch.min.bytes = 1
	group.id = customer-group
	group.instance.id = null
	group.protocol = classic
	group.remote.assignor = null
	heartbeat.interval.ms = 3000
	interceptor.classes = []
	internal.leave.group.on.close = true
	internal.throw.on.fetch.stable.offset.unsupported = false
	isolation.level = read_uncommitted
	key.deserializer = class org.apache.kafka.common.serialization.StringDeserializer
	max.partition.fetch.bytes = 1048576
	max.poll.interval.ms = 300000
	max.poll.records = 500
	metadata.max.age.ms = 300000
	metric.reporters = []
	metrics.num.samples = 2
	metrics.recording.level = INFO
	metrics.sample.window.ms = 30000
	partition.assignment.strategy = [class org.apache.kafka.clients.consumer.RangeAssignor, class org.apache.kafka.clients.consumer.CooperativeStickyAssignor]
	receive.buffer.bytes = 65536
	reconnect.backoff.max.ms = 1000
	reconnect.backoff.ms = 50
	request.timeout.ms = 30000
	retry.backoff.max.ms = 1000
	retry.backoff.ms = 100
	sasl.client.callback.handler.class = null
	sasl.jaas.config = null
	sasl.kerberos.kinit.cmd = /usr/bin/kinit
	sasl.kerberos.min.time.before.relogin = 60000
	sasl.kerberos.service.name = null
	sasl.kerberos.ticket.renew.jitter = 0.05
	sasl.kerberos.ticket.renew.window.factor = 0.8
	sasl.login.callback.handler.class = null
	sasl.login.class = null
	sasl.login.connect.timeout.ms = null
	sasl.login.read.timeout.ms = null
	sasl.login.refresh.buffer.seconds = 300
	sasl.login.refresh.min.period.seconds = 60
	sasl.login.refresh.window.factor = 0.8
	sasl.login.refresh.window.jitter = 0.05
	sasl.login.retry.backoff.max.ms = 10000
	sasl.login.retry.backoff.ms = 100
	sasl.mechanism = GSSAPI
	sasl.oauthbearer.clock.skew.seconds = 30
	sasl.oauthbearer.expected.audience = null
	sasl.oauthbearer.expected.issuer = null
	sasl.oauthbearer.jwks.endpoint.refresh.ms = 3600000
	sasl.oauthbearer.jwks.endpoint.retry.backoff.max.ms = 10000
	sasl.oauthbearer.jwks.endpoint.retry.backoff.ms = 100
	sasl.oauthbearer.jwks.endpoint.url = null
	sasl.oauthbearer.scope.claim.name = scope
	sasl.oauthbearer.sub.claim.name = sub
	sasl.oauthbearer.token.endpoint.url = null
	security.protocol = PLAINTEXT
	security.providers = null
	send.buffer.bytes = 131072
	session.timeout.ms = 45000
	socket.connection.setup.timeout.max.ms = 30000
	socket.connection.setup.timeout.ms = 10000
	ssl.cipher.suites = null
	ssl.enabled.protocols = [TLSv1.2, TLSv1.3]
	ssl.endpoint.identification.algorithm = https
	ssl.engine.factory.class = null
	ssl.key.password = null
	ssl.keymanager.algorithm = SunX509
	ssl.keystore.certificate.chain = null
	ssl.keystore.key = null
	ssl.keystore.location = null
	ssl.keystore.password = null
	ssl.keystore.type = JKS
	ssl.protocol = TLSv1.3
	ssl.provider = null
	ssl.secure.random.implementation = null
	ssl.trustmanager.algorithm = PKIX
	ssl.truststore.certificates = null
	ssl.truststore.location = null
	ssl.truststore.password = null
	ssl.truststore.type = JKS
	value.deserializer = class org.apache.kafka.common.serialization.StringDeserializer

2024-12-29T02:14:59.299-05:00  INFO 24092 --- [customer_service] [main] o.a.k.c.t.i.KafkaMetricsCollector        : initializing Kafka metrics collector
2024-12-29T02:14:59.578-05:00  INFO 24092 --- [customer_service] [main] o.a.kafka.common.utils.AppInfoParser     : Kafka version: 3.7.1
2024-12-29T02:14:59.578-05:00  INFO 24092 --- [customer_service] [main] o.a.kafka.common.utils.AppInfoParser     : Kafka commitId: e2494e6ffb89f828
2024-12-29T02:14:59.578-05:00  INFO 24092 --- [customer_service] [main] o.a.kafka.common.utils.AppInfoParser     : Kafka startTimeMs: 1735456499574
2024-12-29T02:14:59.592-05:00  INFO 24092 --- [customer_service] [main] o.a.k.c.c.internals.LegacyKafkaConsumer  : [Consumer clientId=consumer-customer-group-1, groupId=customer-group] Subscribed to topic(s): candidate-response-topic
2024-12-29T02:14:59.622-05:00  INFO 24092 --- [customer_service] [main] c.e.c.CustomerServiceApplication         : Started CustomerServiceApplication in 10.693 seconds (process running for 12.24)
2024-12-29T02:15:03.816-05:00  WARN 24092 --- [customer_service] [org.springframework.kafka.KafkaListenerEndpointContainer#0-0-C-1] org.apache.kafka.clients.NetworkClient   : [Consumer clientId=consumer-customer-group-1, groupId=customer-group] Error while fetching metadata with correlation id 2 : {candidate-response-topic=LEADER_NOT_AVAILABLE}
2024-12-29T02:15:03.819-05:00  INFO 24092 --- [customer_service] [org.springframework.kafka.KafkaListenerEndpointContainer#0-0-C-1] org.apache.kafka.clients.Metadata        : [Consumer clientId=consumer-customer-group-1, groupId=customer-group] Cluster ID: 6QNKo5SKSy-mP2MZTGkWcg
2024-12-29T02:15:03.836-05:00  INFO 24092 --- [customer_service] [org.springframework.kafka.KafkaListenerEndpointContainer#0-0-C-1] o.a.k.c.c.internals.ConsumerCoordinator  : [Consumer clientId=consumer-customer-group-1, groupId=customer-group] Discovered group coordinator host.docker.internal:9092 (id: 2147483647 rack: null)
2024-12-29T02:15:03.847-05:00  INFO 24092 --- [customer_service] [org.springframework.kafka.KafkaListenerEndpointContainer#0-0-C-1] o.a.k.c.c.internals.ConsumerCoordinator  : [Consumer clientId=consumer-customer-group-1, groupId=customer-group] (Re-)joining group
2024-12-29T02:15:03.981-05:00  WARN 24092 --- [customer_service] [org.springframework.kafka.KafkaListenerEndpointContainer#0-0-C-1] org.apache.kafka.clients.NetworkClient   : [Consumer clientId=consumer-customer-group-1, groupId=customer-group] Error while fetching metadata with correlation id 7 : {candidate-response-topic=LEADER_NOT_AVAILABLE}
2024-12-29T02:15:03.990-05:00  INFO 24092 --- [customer_service] [org.springframework.kafka.KafkaListenerEndpointContainer#0-0-C-1] o.a.k.c.c.internals.ConsumerCoordinator  : [Consumer clientId=consumer-customer-group-1, groupId=customer-group] Request joining group due to: need to re-join with the given member-id: consumer-customer-group-1-165fa1cb-dbfa-4b3f-87ff-7a5002aceca8
2024-12-29T02:15:03.991-05:00  INFO 24092 --- [customer_service] [org.springframework.kafka.KafkaListenerEndpointContainer#0-0-C-1] o.a.k.c.c.internals.ConsumerCoordinator  : [Consumer clientId=consumer-customer-group-1, groupId=customer-group] (Re-)joining group
2024-12-29T02:15:04.021-05:00  INFO 24092 --- [customer_service] [org.springframework.kafka.KafkaListenerEndpointContainer#0-0-C-1] o.a.k.c.c.internals.ConsumerCoordinator  : [Consumer clientId=consumer-customer-group-1, groupId=customer-group] Successfully joined group with generation Generation{generationId=23, memberId='consumer-customer-group-1-165fa1cb-dbfa-4b3f-87ff-7a5002aceca8', protocol='range'}
2024-12-29T02:15:04.200-05:00  WARN 24092 --- [customer_service] [org.springframework.kafka.KafkaListenerEndpointContainer#0-0-C-1] org.apache.kafka.clients.NetworkClient   : [Consumer clientId=consumer-customer-group-1, groupId=customer-group] Error while fetching metadata with correlation id 9 : {candidate-response-topic=LEADER_NOT_AVAILABLE}
2024-12-29T02:15:04.210-05:00  INFO 24092 --- [customer_service] [org.springframework.kafka.KafkaListenerEndpointContainer#0-0-C-1] o.a.k.c.c.internals.ConsumerCoordinator  : [Consumer clientId=consumer-customer-group-1, groupId=customer-group] Finished assignment for group at generation 23: {consumer-customer-group-1-165fa1cb-dbfa-4b3f-87ff-7a5002aceca8=Assignment(partitions=[])}
2024-12-29T02:15:04.257-05:00  INFO 24092 --- [customer_service] [org.springframework.kafka.KafkaListenerEndpointContainer#0-0-C-1] o.a.k.c.c.internals.ConsumerCoordinator  : [Consumer clientId=consumer-customer-group-1, groupId=customer-group] Successfully synced group in generation Generation{generationId=23, memberId='consumer-customer-group-1-165fa1cb-dbfa-4b3f-87ff-7a5002aceca8', protocol='range'}
2024-12-29T02:15:04.258-05:00  INFO 24092 --- [customer_service] [org.springframework.kafka.KafkaListenerEndpointContainer#0-0-C-1] o.a.k.c.c.internals.ConsumerCoordinator  : [Consumer clientId=consumer-customer-group-1, groupId=customer-group] Notifying assignor about the new Assignment(partitions=[])
2024-12-29T02:15:04.259-05:00  INFO 24092 --- [customer_service] [org.springframework.kafka.KafkaListenerEndpointContainer#0-0-C-1] k.c.c.i.ConsumerRebalanceListenerInvoker : [Consumer clientId=consumer-customer-group-1, groupId=customer-group] Adding newly assigned partitions: 
2024-12-29T02:15:04.261-05:00  INFO 24092 --- [customer_service] [org.springframework.kafka.KafkaListenerEndpointContainer#0-0-C-1] o.s.k.l.KafkaMessageListenerContainer    : customer-group: partitions assigned: []
2024-12-29T02:15:04.683-05:00  INFO 24092 --- [customer_service] [org.springframework.kafka.KafkaListenerEndpointContainer#0-0-C-1] o.a.k.c.c.internals.ConsumerCoordinator  : [Consumer clientId=consumer-customer-group-1, groupId=customer-group] Request joining group due to: cached metadata has changed from (version4: {candidate-response-topic=[]}) at the beginning of the rebalance to (version5: {candidate-response-topic=[NO_RACKS]})
2024-12-29T02:15:04.687-05:00  INFO 24092 --- [customer_service] [org.springframework.kafka.KafkaListenerEndpointContainer#0-0-C-1] k.c.c.i.ConsumerRebalanceListenerInvoker : [Consumer clientId=consumer-customer-group-1, groupId=customer-group] Revoke previously assigned partitions 
2024-12-29T02:15:04.690-05:00  INFO 24092 --- [customer_service] [org.springframework.kafka.KafkaListenerEndpointContainer#0-0-C-1] o.s.k.l.KafkaMessageListenerContainer    : customer-group: partitions revoked: []
2024-12-29T02:15:04.691-05:00  INFO 24092 --- [customer_service] [org.springframework.kafka.KafkaListenerEndpointContainer#0-0-C-1] o.a.k.c.c.internals.ConsumerCoordinator  : [Consumer clientId=consumer-customer-group-1, groupId=customer-group] (Re-)joining group
2024-12-29T02:15:04.703-05:00  INFO 24092 --- [customer_service] [org.springframework.kafka.KafkaListenerEndpointContainer#0-0-C-1] o.a.k.c.c.internals.ConsumerCoordinator  : [Consumer clientId=consumer-customer-group-1, groupId=customer-group] Successfully joined group with generation Generation{generationId=24, memberId='consumer-customer-group-1-165fa1cb-dbfa-4b3f-87ff-7a5002aceca8', protocol='range'}
2024-12-29T02:15:04.714-05:00  INFO 24092 --- [customer_service] [org.springframework.kafka.KafkaListenerEndpointContainer#0-0-C-1] o.a.k.c.c.internals.ConsumerCoordinator  : [Consumer clientId=consumer-customer-group-1, groupId=customer-group] Finished assignment for group at generation 24: {consumer-customer-group-1-165fa1cb-dbfa-4b3f-87ff-7a5002aceca8=Assignment(partitions=[candidate-response-topic-0])}
2024-12-29T02:15:04.729-05:00  INFO 24092 --- [customer_service] [org.springframework.kafka.KafkaListenerEndpointContainer#0-0-C-1] o.a.k.c.c.internals.ConsumerCoordinator  : [Consumer clientId=consumer-customer-group-1, groupId=customer-group] Successfully synced group in generation Generation{generationId=24, memberId='consumer-customer-group-1-165fa1cb-dbfa-4b3f-87ff-7a5002aceca8', protocol='range'}
2024-12-29T02:15:04.733-05:00  INFO 24092 --- [customer_service] [org.springframework.kafka.KafkaListenerEndpointContainer#0-0-C-1] o.a.k.c.c.internals.ConsumerCoordinator  : [Consumer clientId=consumer-customer-group-1, groupId=customer-group] Notifying assignor about the new Assignment(partitions=[candidate-response-topic-0])
2024-12-29T02:15:04.749-05:00  INFO 24092 --- [customer_service] [org.springframework.kafka.KafkaListenerEndpointContainer#0-0-C-1] k.c.c.i.ConsumerRebalanceListenerInvoker : [Consumer clientId=consumer-customer-group-1, groupId=customer-group] Adding newly assigned partitions: candidate-response-topic-0
2024-12-29T02:15:04.778-05:00  INFO 24092 --- [customer_service] [org.springframework.kafka.KafkaListenerEndpointContainer#0-0-C-1] o.a.k.c.c.internals.ConsumerCoordinator  : [Consumer clientId=consumer-customer-group-1, groupId=customer-group] Found no committed offset for partition candidate-response-topic-0
2024-12-29T02:15:04.787-05:00  INFO 24092 --- [customer_service] [org.springframework.kafka.KafkaListenerEndpointContainer#0-0-C-1] o.a.k.c.c.internals.ConsumerCoordinator  : [Consumer clientId=consumer-customer-group-1, groupId=customer-group] Found no committed offset for partition candidate-response-topic-0
2024-12-29T02:15:04.898-05:00  INFO 24092 --- [customer_service] [org.springframework.kafka.KafkaListenerEndpointContainer#0-0-C-1] o.a.k.c.c.internals.SubscriptionState    : [Consumer clientId=consumer-customer-group-1, groupId=customer-group] Resetting offset for partition candidate-response-topic-0 to position FetchPosition{offset=0, offsetEpoch=Optional.empty, currentLeader=LeaderAndEpoch{leader=Optional[host.docker.internal:9092 (id: 0 rack: null)], epoch=0}}.
2024-12-29T02:15:04.915-05:00  INFO 24092 --- [customer_service] [org.springframework.kafka.KafkaListenerEndpointContainer#0-0-C-1] o.s.k.l.KafkaMessageListenerContainer    : customer-group: partitions assigned: [candidate-response-topic-0]
2024-12-29T02:15:28.575-05:00  INFO 24092 --- [customer_service] [org.springframework.kafka.KafkaListenerEndpointContainer#0-0-C-1] c.e.c.kafka.CustomerConsumerService      : Response received from Kafka: No candidates found for Customer ID: 3
2024-12-29T02:15:28.576-05:00  INFO 24092 --- [customer_service] [org.springframework.kafka.KafkaListenerEndpointContainer#0-0-C-1] c.e.c.kafka.CustomerConsumerService      : Response received from Kafka: No candidates found for Customer ID: 1
2024-12-29T02:15:28.588-05:00  INFO 24092 --- [customer_service] [org.springframework.kafka.KafkaListenerEndpointContainer#0-0-C-1] c.e.c.kafka.CustomerConsumerService      : Response received from Kafka: No candidates found for Customer ID: 1
2024-12-29T02:15:28.590-05:00  INFO 24092 --- [customer_service] [org.springframework.kafka.KafkaListenerEndpointContainer#0-0-C-1] c.e.c.kafka.CustomerConsumerService      : Response received from Kafka: No candidates found for Customer ID: 1
2024-12-29T02:15:28.591-05:00  INFO 24092 --- [customer_service] [org.springframework.kafka.KafkaListenerEndpointContainer#0-0-C-1] c.e.c.kafka.CustomerConsumerService      : Response received from Kafka: No candidates found for Customer ID: 1
2024-12-29T02:15:28.592-05:00  INFO 24092 --- [customer_service] [org.springframework.kafka.KafkaListenerEndpointContainer#0-0-C-1] c.e.c.kafka.CustomerConsumerService      : Response received from Kafka: No candidates found for Customer ID: 1
2024-12-29T02:15:28.593-05:00  INFO 24092 --- [customer_service] [org.springframework.kafka.KafkaListenerEndpointContainer#0-0-C-1] c.e.c.kafka.CustomerConsumerService      : Response received from Kafka: No candidates found for Customer ID: 100
2024-12-29T02:15:28.593-05:00  INFO 24092 --- [customer_service] [org.springframework.kafka.KafkaListenerEndpointContainer#0-0-C-1] c.e.c.kafka.CustomerConsumerService      : Response received from Kafka: No candidates found for Customer ID: 1
2024-12-29T02:15:28.594-05:00  INFO 24092 --- [customer_service] [org.springframework.kafka.KafkaListenerEndpointContainer#0-0-C-1] c.e.c.kafka.CustomerConsumerService      : Response received from Kafka: No candidates found for Customer ID: 1
2024-12-29T02:15:28.595-05:00  INFO 24092 --- [customer_service] [org.springframework.kafka.KafkaListenerEndpointContainer#0-0-C-1] c.e.c.kafka.CustomerConsumerService      : Response received from Kafka: No candidates found for Customer ID: 1
2024-12-29T02:15:28.595-05:00  INFO 24092 --- [customer_service] [org.springframework.kafka.KafkaListenerEndpointContainer#0-0-C-1] c.e.c.kafka.CustomerConsumerService      : Response received from Kafka: No candidates found for Customer ID: 1
2024-12-29T02:15:28.604-05:00  INFO 24092 --- [customer_service] [org.springframework.kafka.KafkaListenerEndpointContainer#0-0-C-1] c.e.c.kafka.CustomerConsumerService      : Response received from Kafka: No candidates found for Customer ID: 1
2024-12-29T02:15:28.604-05:00  INFO 24092 --- [customer_service] [org.springframework.kafka.KafkaListenerEndpointContainer#0-0-C-1] c.e.c.kafka.CustomerConsumerService      : Response received from Kafka: No candidates found for Customer ID: 1
2024-12-29T02:15:28.604-05:00  INFO 24092 --- [customer_service] [org.springframework.kafka.KafkaListenerEndpointContainer#0-0-C-1] c.e.c.kafka.CustomerConsumerService      : Response received from Kafka: No candidates found for Customer ID: 1
2024-12-29T02:15:28.605-05:00  INFO 24092 --- [customer_service] [org.springframework.kafka.KafkaListenerEndpointContainer#0-0-C-1] c.e.c.kafka.CustomerConsumerService      : Response received from Kafka: No candidates found for Customer ID: 1
2024-12-29T02:15:28.605-05:00  INFO 24092 --- [customer_service] [org.springframework.kafka.KafkaListenerEndpointContainer#0-0-C-1] c.e.c.kafka.CustomerConsumerService      : Response received from Kafka: No candidates found for Customer ID: 1
2024-12-29T02:15:28.605-05:00  INFO 24092 --- [customer_service] [org.springframework.kafka.KafkaListenerEndpointContainer#0-0-C-1] c.e.c.kafka.CustomerConsumerService      : Response received from Kafka: No candidates found for Customer ID: 1
2024-12-29T02:15:28.605-05:00  INFO 24092 --- [customer_service] [org.springframework.kafka.KafkaListenerEndpointContainer#0-0-C-1] c.e.c.kafka.CustomerConsumerService      : Response received from Kafka: No candidates found for Customer ID: 4
2024-12-29T02:24:04.459-05:00  INFO 24092 --- [customer_service] [org.springframework.kafka.KafkaListenerEndpointContainer#0-0-C-1] org.apache.kafka.clients.NetworkClient   : [Consumer clientId=consumer-customer-group-1, groupId=customer-group] Node -1 disconnected.
2024-12-29T02:30:13.003-05:00  INFO 24092 --- [customer_service] [http-nio-8080-exec-4] o.a.c.c.C.[Tomcat].[localhost].[/]       : Initializing Spring DispatcherServlet 'dispatcherServlet'
2024-12-29T02:30:13.011-05:00  INFO 24092 --- [customer_service] [http-nio-8080-exec-4] o.s.web.servlet.DispatcherServlet        : Initializing Servlet 'dispatcherServlet'
2024-12-29T02:30:13.037-05:00 DEBUG 24092 --- [customer_service] [http-nio-8080-exec-4] o.s.web.servlet.DispatcherServlet        : Detected StandardServletMultipartResolver
2024-12-29T02:30:13.044-05:00 DEBUG 24092 --- [customer_service] [http-nio-8080-exec-4] o.s.web.servlet.DispatcherServlet        : Detected AcceptHeaderLocaleResolver
2024-12-29T02:30:13.046-05:00 DEBUG 24092 --- [customer_service] [http-nio-8080-exec-4] o.s.web.servlet.DispatcherServlet        : Detected FixedThemeResolver
2024-12-29T02:30:13.212-05:00 DEBUG 24092 --- [customer_service] [http-nio-8080-exec-4] o.s.web.servlet.DispatcherServlet        : Detected org.springframework.web.servlet.view.DefaultRequestToViewNameTranslator@1df1bd44
2024-12-29T02:30:13.216-05:00 DEBUG 24092 --- [customer_service] [http-nio-8080-exec-4] o.s.web.servlet.DispatcherServlet        : Detected org.springframework.web.servlet.support.SessionFlashMapManager@26e199ed
2024-12-29T02:30:13.220-05:00 DEBUG 24092 --- [customer_service] [http-nio-8080-exec-4] o.s.web.servlet.DispatcherServlet        : enableLoggingRequestDetails='false': request parameters and headers will be masked to prevent unsafe logging of potentially sensitive data
2024-12-29T02:30:13.221-05:00  INFO 24092 --- [customer_service] [http-nio-8080-exec-4] o.s.web.servlet.DispatcherServlet        : Completed initialization in 208 ms
2024-12-29T02:30:13.491-05:00 DEBUG 24092 --- [customer_service] [http-nio-8080-exec-4] o.s.security.web.FilterChainProxy        : Securing POST /api/v1/auth/login
2024-12-29T02:30:13.723-05:00 DEBUG 24092 --- [customer_service] [http-nio-8080-exec-4] o.s.security.web.FilterChainProxy        : Secured POST /api/v1/auth/login
2024-12-29T02:30:13.769-05:00 DEBUG 24092 --- [customer_service] [http-nio-8080-exec-4] o.s.web.servlet.DispatcherServlet        : POST "/api/v1/auth/login", parameters={}
2024-12-29T02:30:13.793-05:00 DEBUG 24092 --- [customer_service] [http-nio-8080-exec-4] s.w.s.m.m.a.RequestMappingHandlerMapping : Mapped to com.example.customer_service.controller.AuthController#login(AuthRequest)
2024-12-29T02:30:14.905-05:00 DEBUG 24092 --- [customer_service] [http-nio-8080-exec-4] m.m.a.RequestResponseBodyMethodProcessor : Read "application/json;charset=UTF-8" to [AuthRequest(email=Keertanap@gmail.com, password=1234)]
2024-12-29T02:30:16.335-05:00 DEBUG 24092 --- [customer_service] [http-nio-8080-exec-4] o.s.s.a.dao.DaoAuthenticationProvider    : Authenticated user
2024-12-29T02:30:16.660-05:00 DEBUG 24092 --- [customer_service] [http-nio-8080-exec-4] m.m.a.RequestResponseBodyMethodProcessor : Using 'application/json', given [*/*] and supported [application/json, application/*+json]
2024-12-29T02:30:16.664-05:00 DEBUG 24092 --- [customer_service] [http-nio-8080-exec-4] m.m.a.RequestResponseBodyMethodProcessor : Writing [AuthResponse(token=eyJhbGciOiJIUzI1NiJ9.eyJzdWIiOiJLZWVydGFuYXBAZ21haWwuY29tIiwicm9sZXMiOlsiUk9MRV9B (truncated)...]
2024-12-29T02:30:16.707-05:00 DEBUG 24092 --- [customer_service] [http-nio-8080-exec-4] o.s.web.servlet.DispatcherServlet        : Completed 200 OK
2024-12-29T02:30:16.711-05:00 DEBUG 24092 --- [customer_service] [http-nio-8080-exec-4] o.s.s.w.a.AnonymousAuthenticationFilter  : Set SecurityContextHolder to anonymous SecurityContext
2024-12-29T02:30:58.541-05:00 DEBUG 24092 --- [customer_service] [http-nio-8080-exec-8] o.s.security.web.FilterChainProxy        : Securing POST /api/v1/customers/send/1
2024-12-29T02:30:58.859-05:00 DEBUG 24092 --- [customer_service] [http-nio-8080-exec-8] o.s.security.web.FilterChainProxy        : Secured POST /api/v1/customers/send/1
2024-12-29T02:30:58.860-05:00 DEBUG 24092 --- [customer_service] [http-nio-8080-exec-8] o.s.web.servlet.DispatcherServlet        : POST "/api/v1/customers/send/1", parameters={}
2024-12-29T02:30:58.863-05:00 DEBUG 24092 --- [customer_service] [http-nio-8080-exec-8] s.w.s.m.m.a.RequestMappingHandlerMapping : Mapped to com.example.customer_service.controller.CustomerController#sendCustomerId(Long)
2024-12-29T02:30:58.945-05:00  INFO 24092 --- [customer_service] [http-nio-8080-exec-8] o.a.k.clients.producer.ProducerConfig    : ProducerConfig values: 
	acks = -1
	auto.include.jmx.reporter = true
	batch.size = 16384
	bootstrap.servers = [localhost:9092]
	buffer.memory = 33554432
	client.dns.lookup = use_all_dns_ips
	client.id = customer_service-producer-1
	compression.type = none
	connections.max.idle.ms = 540000
	delivery.timeout.ms = 120000
	enable.idempotence = true
	enable.metrics.push = true
	interceptor.classes = []
	key.serializer = class org.apache.kafka.common.serialization.StringSerializer
	linger.ms = 0
	max.block.ms = 60000
	max.in.flight.requests.per.connection = 5
	max.request.size = 1048576
	metadata.max.age.ms = 300000
	metadata.max.idle.ms = 300000
	metric.reporters = []
	metrics.num.samples = 2
	metrics.recording.level = INFO
	metrics.sample.window.ms = 30000
	partitioner.adaptive.partitioning.enable = true
	partitioner.availability.timeout.ms = 0
	partitioner.class = null
	partitioner.ignore.keys = false
	receive.buffer.bytes = 32768
	reconnect.backoff.max.ms = 1000
	reconnect.backoff.ms = 50
	request.timeout.ms = 30000
	retries = 2147483647
	retry.backoff.max.ms = 1000
	retry.backoff.ms = 100
	sasl.client.callback.handler.class = null
	sasl.jaas.config = null
	sasl.kerberos.kinit.cmd = /usr/bin/kinit
	sasl.kerberos.min.time.before.relogin = 60000
	sasl.kerberos.service.name = null
	sasl.kerberos.ticket.renew.jitter = 0.05
	sasl.kerberos.ticket.renew.window.factor = 0.8
	sasl.login.callback.handler.class = null
	sasl.login.class = null
	sasl.login.connect.timeout.ms = null
	sasl.login.read.timeout.ms = null
	sasl.login.refresh.buffer.seconds = 300
	sasl.login.refresh.min.period.seconds = 60
	sasl.login.refresh.window.factor = 0.8
	sasl.login.refresh.window.jitter = 0.05
	sasl.login.retry.backoff.max.ms = 10000
	sasl.login.retry.backoff.ms = 100
	sasl.mechanism = GSSAPI
	sasl.oauthbearer.clock.skew.seconds = 30
	sasl.oauthbearer.expected.audience = null
	sasl.oauthbearer.expected.issuer = null
	sasl.oauthbearer.jwks.endpoint.refresh.ms = 3600000
	sasl.oauthbearer.jwks.endpoint.retry.backoff.max.ms = 10000
	sasl.oauthbearer.jwks.endpoint.retry.backoff.ms = 100
	sasl.oauthbearer.jwks.endpoint.url = null
	sasl.oauthbearer.scope.claim.name = scope
	sasl.oauthbearer.sub.claim.name = sub
	sasl.oauthbearer.token.endpoint.url = null
	security.protocol = PLAINTEXT
	security.providers = null
	send.buffer.bytes = 131072
	socket.connection.setup.timeout.max.ms = 30000
	socket.connection.setup.timeout.ms = 10000
	ssl.cipher.suites = null
	ssl.enabled.protocols = [TLSv1.2, TLSv1.3]
	ssl.endpoint.identification.algorithm = https
	ssl.engine.factory.class = null
	ssl.key.password = null
	ssl.keymanager.algorithm = SunX509
	ssl.keystore.certificate.chain = null
	ssl.keystore.key = null
	ssl.keystore.location = null
	ssl.keystore.password = null
	ssl.keystore.type = JKS
	ssl.protocol = TLSv1.3
	ssl.provider = null
	ssl.secure.random.implementation = null
	ssl.trustmanager.algorithm = PKIX
	ssl.truststore.certificates = null
	ssl.truststore.location = null
	ssl.truststore.password = null
	ssl.truststore.type = JKS
	transaction.timeout.ms = 60000
	transactional.id = null
	value.serializer = class org.apache.kafka.common.serialization.StringSerializer

2024-12-29T02:30:58.961-05:00  INFO 24092 --- [customer_service] [http-nio-8080-exec-8] o.a.k.c.t.i.KafkaMetricsCollector        : initializing Kafka metrics collector
2024-12-29T02:30:59.024-05:00  INFO 24092 --- [customer_service] [http-nio-8080-exec-8] o.a.k.clients.producer.KafkaProducer     : [Producer clientId=customer_service-producer-1] Instantiated an idempotent producer.
2024-12-29T02:30:59.129-05:00  INFO 24092 --- [customer_service] [http-nio-8080-exec-8] o.a.kafka.common.utils.AppInfoParser     : Kafka version: 3.7.1
2024-12-29T02:30:59.129-05:00  INFO 24092 --- [customer_service] [http-nio-8080-exec-8] o.a.kafka.common.utils.AppInfoParser     : Kafka commitId: e2494e6ffb89f828
2024-12-29T02:30:59.130-05:00  INFO 24092 --- [customer_service] [http-nio-8080-exec-8] o.a.kafka.common.utils.AppInfoParser     : Kafka startTimeMs: 1735457459127
2024-12-29T02:30:59.173-05:00  INFO 24092 --- [customer_service] [kafka-producer-network-thread | customer_service-producer-1] org.apache.kafka.clients.Metadata        : [Producer clientId=customer_service-producer-1] Cluster ID: 6QNKo5SKSy-mP2MZTGkWcg
2024-12-29T02:30:59.198-05:00  INFO 24092 --- [customer_service] [kafka-producer-network-thread | customer_service-producer-1] o.a.k.c.p.internals.TransactionManager   : [Producer clientId=customer_service-producer-1] ProducerId set to 5002 with epoch 0
2024-12-29T02:30:59.230-05:00  INFO 24092 --- [customer_service] [http-nio-8080-exec-8] c.e.c.kafka.CustomerProducerService      : Customer ID sent to Kafka: 1
2024-12-29T02:30:59.258-05:00 DEBUG 24092 --- [customer_service] [http-nio-8080-exec-8] o.s.w.s.m.m.a.HttpEntityMethodProcessor  : Using 'text/plain', given [*/*] and supported [text/plain, */*, application/json, application/*+json]
2024-12-29T02:30:59.259-05:00 DEBUG 24092 --- [customer_service] [http-nio-8080-exec-8] o.s.w.s.m.m.a.HttpEntityMethodProcessor  : Writing ["Customer ID sent to Kafka: 1"]
2024-12-29T02:30:59.267-05:00 DEBUG 24092 --- [customer_service] [http-nio-8080-exec-8] o.s.web.servlet.DispatcherServlet        : Completed 200 OK
2024-12-29T02:30:59.825-05:00  INFO 24092 --- [customer_service] [org.springframework.kafka.KafkaListenerEndpointContainer#0-0-C-1] c.e.c.kafka.CustomerConsumerService      : Response received from Kafka: [{"candidateId":3,"customerId":1,"candidateName":"Keertana","experience":3,"noticePeriod":60,"education":"Bachelor of Science in Computer Science","skills":"Java, Spring Boot, PostgreSQL","phone":"1111111122","email":"keertanap@example.com","source":"LinkedIn","history":"Worked at Accenture","isOpenToWork":true,"contactStatus":"Available"}]
2024-12-29T02:31:25.516-05:00 DEBUG 24092 --- [customer_service] [http-nio-8080-exec-10] o.s.security.web.FilterChainProxy        : Securing POST /api/v1/customers/send/1
2024-12-29T02:31:25.536-05:00 DEBUG 24092 --- [customer_service] [http-nio-8080-exec-10] o.s.security.web.FilterChainProxy        : Secured POST /api/v1/customers/send/1
2024-12-29T02:31:25.536-05:00 DEBUG 24092 --- [customer_service] [http-nio-8080-exec-10] o.s.web.servlet.DispatcherServlet        : POST "/api/v1/customers/send/1", parameters={}
2024-12-29T02:31:25.538-05:00 DEBUG 24092 --- [customer_service] [http-nio-8080-exec-10] s.w.s.m.m.a.RequestMappingHandlerMapping : Mapped to com.example.customer_service.controller.CustomerController#sendCustomerId(Long)
2024-12-29T02:31:25.539-05:00  INFO 24092 --- [customer_service] [http-nio-8080-exec-10] c.e.c.kafka.CustomerProducerService      : Customer ID sent to Kafka: 1
2024-12-29T02:31:25.541-05:00 DEBUG 24092 --- [customer_service] [http-nio-8080-exec-10] o.s.w.s.m.m.a.HttpEntityMethodProcessor  : Using 'text/plain', given [*/*] and supported [text/plain, */*, application/json, application/*+json]
2024-12-29T02:31:25.542-05:00 DEBUG 24092 --- [customer_service] [http-nio-8080-exec-10] o.s.w.s.m.m.a.HttpEntityMethodProcessor  : Writing ["Customer ID sent to Kafka: 1"]
2024-12-29T02:31:25.545-05:00 DEBUG 24092 --- [customer_service] [http-nio-8080-exec-10] o.s.web.servlet.DispatcherServlet        : Completed 200 OK
2024-12-29T02:31:25.582-05:00  INFO 24092 --- [customer_service] [org.springframework.kafka.KafkaListenerEndpointContainer#0-0-C-1] c.e.c.kafka.CustomerConsumerService      : Response received from Kafka: [{"candidateId":3,"customerId":1,"candidateName":"Keertana","experience":3,"noticePeriod":60,"education":"Bachelor of Science in Computer Science","skills":"Java, Spring Boot, PostgreSQL","phone":"1111111122","email":"keertanap@example.com","source":"LinkedIn","history":"Worked at Accenture","isOpenToWork":true,"contactStatus":"Available"}]
2024-12-29T02:34:01.163-05:00  INFO 24092 --- [customer_service] [org.springframework.kafka.KafkaListenerEndpointContainer#0-0-C-1] org.apache.kafka.clients.NetworkClient   : [Consumer clientId=consumer-customer-group-1, groupId=customer-group] Node -1 disconnected.
2024-12-29T02:39:59.907-05:00  INFO 24092 --- [customer_service] [kafka-producer-network-thread | customer_service-producer-1] org.apache.kafka.clients.NetworkClient   : [Producer clientId=customer_service-producer-1] Node -1 disconnected.
2024-12-29T02:41:43.848-05:00 DEBUG 24092 --- [customer_service] [http-nio-8080-exec-6] o.s.security.web.FilterChainProxy        : Securing POST /api/v1/customers/send/3
2024-12-29T02:41:44.193-05:00 DEBUG 24092 --- [customer_service] [http-nio-8080-exec-6] o.s.security.web.FilterChainProxy        : Secured POST /api/v1/customers/send/3
2024-12-29T02:41:44.205-05:00 DEBUG 24092 --- [customer_service] [http-nio-8080-exec-6] o.s.web.servlet.DispatcherServlet        : POST "/api/v1/customers/send/3", parameters={}
2024-12-29T02:41:44.211-05:00 DEBUG 24092 --- [customer_service] [http-nio-8080-exec-6] s.w.s.m.m.a.RequestMappingHandlerMapping : Mapped to com.example.customer_service.controller.CustomerController#sendCustomerId(Long)
2024-12-29T02:41:44.556-05:00  INFO 24092 --- [customer_service] [http-nio-8080-exec-6] c.e.c.kafka.CustomerProducerService      : Customer ID sent to Kafka: 3
2024-12-29T02:41:44.587-05:00 DEBUG 24092 --- [customer_service] [http-nio-8080-exec-6] o.s.w.s.m.m.a.HttpEntityMethodProcessor  : Using 'text/plain', given [*/*] and supported [text/plain, */*, application/json, application/*+json]
2024-12-29T02:41:44.595-05:00 DEBUG 24092 --- [customer_service] [http-nio-8080-exec-6] o.s.w.s.m.m.a.HttpEntityMethodProcessor  : Writing ["Customer ID sent to Kafka: 3"]
2024-12-29T02:41:44.617-05:00 DEBUG 24092 --- [customer_service] [http-nio-8080-exec-6] o.s.web.servlet.DispatcherServlet        : Completed 200 OK
2024-12-29T02:41:45.810-05:00  INFO 24092 --- [customer_service] [org.springframework.kafka.KafkaListenerEndpointContainer#0-0-C-1] c.e.c.kafka.CustomerConsumerService      : Response received from Kafka: [{"candidateId":5,"customerId":3,"candidateName":"Sreeja","experience":5,"noticePeriod":90,"education":"Bachelor of Science in Computer Science","skills":"Java, Spring Boot, PostgreSQL","phone":"1111112222","email":"sreeja@example.com","source":"LinkedIn","history":"Worked at Amazon","isOpenToWork":true,"contactStatus":"Available"}]
2024-12-29T02:49:59.310-05:00  INFO 24092 --- [customer_service] [kafka-producer-network-thread | customer_service-producer-1] org.apache.kafka.clients.NetworkClient   : [Producer clientId=customer_service-producer-1] Node -1 disconnected.
2024-12-29T03:23:54.497-05:00  INFO 24092 --- [customer_service] [org.springframework.kafka.KafkaListenerEndpointContainer#0-0-C-1] k.c.c.i.ConsumerRebalanceListenerInvoker : [Consumer clientId=consumer-customer-group-1, groupId=customer-group] Revoke previously assigned partitions candidate-response-topic-0
2024-12-29T03:23:54.517-05:00  INFO 24092 --- [customer_service] [org.springframework.kafka.KafkaListenerEndpointContainer#0-0-C-1] o.s.k.l.KafkaMessageListenerContainer    : customer-group: partitions revoked: [candidate-response-topic-0]
2024-12-29T03:23:54.522-05:00  INFO 24092 --- [customer_service] [org.springframework.kafka.KafkaListenerEndpointContainer#0-0-C-1] o.a.k.c.c.internals.ConsumerCoordinator  : [Consumer clientId=consumer-customer-group-1, groupId=customer-group] Member consumer-customer-group-1-165fa1cb-dbfa-4b3f-87ff-7a5002aceca8 sending LeaveGroup request to coordinator host.docker.internal:9092 (id: 2147483647 rack: null) due to the consumer unsubscribed from all topics
2024-12-29T03:23:54.543-05:00  INFO 24092 --- [customer_service] [org.springframework.kafka.KafkaListenerEndpointContainer#0-0-C-1] o.a.k.c.c.internals.ConsumerCoordinator  : [Consumer clientId=consumer-customer-group-1, groupId=customer-group] Resetting generation and member id due to: consumer pro-actively leaving the group
2024-12-29T03:23:54.543-05:00  INFO 24092 --- [customer_service] [org.springframework.kafka.KafkaListenerEndpointContainer#0-0-C-1] o.a.k.c.c.internals.ConsumerCoordinator  : [Consumer clientId=consumer-customer-group-1, groupId=customer-group] Request joining group due to: consumer pro-actively leaving the group
2024-12-29T03:23:54.545-05:00  INFO 24092 --- [customer_service] [org.springframework.kafka.KafkaListenerEndpointContainer#0-0-C-1] o.a.k.c.c.internals.LegacyKafkaConsumer  : [Consumer clientId=consumer-customer-group-1, groupId=customer-group] Unsubscribed all topics or patterns and assigned partitions
2024-12-29T03:23:54.632-05:00  INFO 24092 --- [customer_service] [org.springframework.kafka.KafkaListenerEndpointContainer#0-0-C-1] o.a.k.c.c.internals.ConsumerCoordinator  : [Consumer clientId=consumer-customer-group-1, groupId=customer-group] Resetting generation and member id due to: consumer pro-actively leaving the group
2024-12-29T03:23:54.632-05:00  INFO 24092 --- [customer_service] [org.springframework.kafka.KafkaListenerEndpointContainer#0-0-C-1] o.a.k.c.c.internals.ConsumerCoordinator  : [Consumer clientId=consumer-customer-group-1, groupId=customer-group] Request joining group due to: consumer pro-actively leaving the group
2024-12-29T03:23:54.859-05:00  INFO 24092 --- [customer_service] [org.springframework.kafka.KafkaListenerEndpointContainer#0-0-C-1] o.apache.kafka.common.metrics.Metrics    : Metrics scheduler closed
2024-12-29T03:23:54.861-05:00  INFO 24092 --- [customer_service] [org.springframework.kafka.KafkaListenerEndpointContainer#0-0-C-1] o.apache.kafka.common.metrics.Metrics    : Closing reporter org.apache.kafka.common.metrics.JmxReporter
2024-12-29T03:23:54.861-05:00  INFO 24092 --- [customer_service] [org.springframework.kafka.KafkaListenerEndpointContainer#0-0-C-1] o.apache.kafka.common.metrics.Metrics    : Closing reporter org.apache.kafka.common.telemetry.internals.ClientTelemetryReporter
2024-12-29T03:23:54.863-05:00  INFO 24092 --- [customer_service] [org.springframework.kafka.KafkaListenerEndpointContainer#0-0-C-1] o.apache.kafka.common.metrics.Metrics    : Metrics reporters closed
2024-12-29T03:23:54.913-05:00  INFO 24092 --- [customer_service] [org.springframework.kafka.KafkaListenerEndpointContainer#0-0-C-1] o.a.kafka.common.utils.AppInfoParser     : App info kafka.consumer for consumer-customer-group-1 unregistered
2024-12-29T03:23:54.928-05:00  INFO 24092 --- [customer_service] [org.springframework.kafka.KafkaListenerEndpointContainer#0-0-C-1] o.s.k.l.KafkaMessageListenerContainer    : customer-group: Consumer stopped
2024-12-29T03:23:55.053-05:00  INFO 24092 --- [customer_service] [SpringApplicationShutdownHook] o.a.k.clients.producer.KafkaProducer     : [Producer clientId=customer_service-producer-1] Closing the Kafka producer with timeoutMillis = 30000 ms.
2024-12-29T03:23:55.069-05:00  INFO 24092 --- [customer_service] [SpringApplicationShutdownHook] o.apache.kafka.common.metrics.Metrics    : Metrics scheduler closed
2024-12-29T03:23:55.069-05:00  INFO 24092 --- [customer_service] [SpringApplicationShutdownHook] o.apache.kafka.common.metrics.Metrics    : Closing reporter org.apache.kafka.common.metrics.JmxReporter
2024-12-29T03:23:55.069-05:00  INFO 24092 --- [customer_service] [SpringApplicationShutdownHook] o.apache.kafka.common.metrics.Metrics    : Closing reporter org.apache.kafka.common.telemetry.internals.ClientTelemetryReporter
2024-12-29T03:23:55.069-05:00  INFO 24092 --- [customer_service] [SpringApplicationShutdownHook] o.apache.kafka.common.metrics.Metrics    : Metrics reporters closed
2024-12-29T03:23:55.072-05:00  INFO 24092 --- [customer_service] [SpringApplicationShutdownHook] o.a.kafka.common.utils.AppInfoParser     : App info kafka.producer for customer_service-producer-1 unregistered
2024-12-29T03:23:55.141-05:00  INFO 24092 --- [customer_service] [SpringApplicationShutdownHook] j.LocalContainerEntityManagerFactoryBean : Closing JPA EntityManagerFactory for persistence unit 'default'
2024-12-29T03:23:55.260-05:00  INFO 24092 --- [customer_service] [SpringApplicationShutdownHook] com.zaxxer.hikari.HikariDataSource       : HikariPool-1 - Shutdown initiated...
2024-12-29T03:23:55.324-05:00  INFO 24092 --- [customer_service] [SpringApplicationShutdownHook] com.zaxxer.hikari.HikariDataSource       : HikariPool-1 - Shutdown completed.
2024-12-29T04:09:58.057-05:00  INFO 13296 --- [customer_service] [main] c.e.c.CustomerServiceApplication         : Starting CustomerServiceApplication using Java 23.0.1 with PID 13296 (C:\Users\psaik\customer_service\target\classes started by psaik in C:\Users\psaik\customer_service)
2024-12-29T04:09:58.062-05:00 DEBUG 13296 --- [customer_service] [main] c.e.c.CustomerServiceApplication         : Running with Spring Boot v3.3.5, Spring v6.1.14
2024-12-29T04:09:58.066-05:00  INFO 13296 --- [customer_service] [main] c.e.c.CustomerServiceApplication         : No active profile set, falling back to 1 default profile: "default"
2024-12-29T04:09:59.539-05:00  INFO 13296 --- [customer_service] [main] .s.d.r.c.RepositoryConfigurationDelegate : Bootstrapping Spring Data JPA repositories in DEFAULT mode.
2024-12-29T04:09:59.625-05:00  INFO 13296 --- [customer_service] [main] .s.d.r.c.RepositoryConfigurationDelegate : Finished Spring Data repository scanning in 76 ms. Found 1 JPA repository interface.
2024-12-29T04:10:00.876-05:00  INFO 13296 --- [customer_service] [main] o.s.b.w.embedded.tomcat.TomcatWebServer  : Tomcat initialized with port 8080 (http)
2024-12-29T04:10:00.907-05:00  INFO 13296 --- [customer_service] [main] o.apache.catalina.core.StandardService   : Starting service [Tomcat]
2024-12-29T04:10:00.908-05:00  INFO 13296 --- [customer_service] [main] o.apache.catalina.core.StandardEngine    : Starting Servlet engine: [Apache Tomcat/10.1.31]
2024-12-29T04:10:01.029-05:00  INFO 13296 --- [customer_service] [main] o.a.c.c.C.[Tomcat].[localhost].[/]       : Initializing Spring embedded WebApplicationContext
2024-12-29T04:10:01.030-05:00  INFO 13296 --- [customer_service] [main] w.s.c.ServletWebServerApplicationContext : Root WebApplicationContext: initialization completed in 2850 ms
2024-12-29T04:10:01.156-05:00 DEBUG 13296 --- [customer_service] [main] c.e.c.security.JwtRequestFilter          : Filter 'jwtRequestFilter' configured for use
2024-12-29T04:10:01.448-05:00  INFO 13296 --- [customer_service] [main] o.hibernate.jpa.internal.util.LogHelper  : HHH000204: Processing PersistenceUnitInfo [name: default]
2024-12-29T04:10:01.624-05:00  INFO 13296 --- [customer_service] [main] org.hibernate.Version                    : HHH000412: Hibernate ORM core version 6.5.3.Final
2024-12-29T04:10:01.756-05:00  INFO 13296 --- [customer_service] [main] o.h.c.internal.RegionFactoryInitiator    : HHH000026: Second-level cache disabled
2024-12-29T04:10:02.473-05:00  INFO 13296 --- [customer_service] [main] o.s.o.j.p.SpringPersistenceUnitInfo      : No LoadTimeWeaver setup: ignoring JPA class transformer
2024-12-29T04:10:02.529-05:00  INFO 13296 --- [customer_service] [main] com.zaxxer.hikari.HikariDataSource       : HikariPool-1 - Starting...
2024-12-29T04:10:02.966-05:00  INFO 13296 --- [customer_service] [main] com.zaxxer.hikari.pool.HikariPool        : HikariPool-1 - Added connection org.postgresql.jdbc.PgConnection@2ae3235e
2024-12-29T04:10:02.968-05:00  INFO 13296 --- [customer_service] [main] com.zaxxer.hikari.HikariDataSource       : HikariPool-1 - Start completed.
2024-12-29T04:10:03.046-05:00  WARN 13296 --- [customer_service] [main] org.hibernate.orm.deprecation            : HHH90000025: PostgreSQLDialect does not need to be specified explicitly using 'hibernate.dialect' (remove the property setting and it will be selected by default)
2024-12-29T04:10:04.472-05:00  INFO 13296 --- [customer_service] [main] o.h.e.t.j.p.i.JtaPlatformInitiator       : HHH000489: No JTA platform available (set 'hibernate.transaction.jta.platform' to enable JTA platform integration)
2024-12-29T04:10:04.653-05:00  INFO 13296 --- [customer_service] [main] j.LocalContainerEntityManagerFactoryBean : Initialized JPA EntityManagerFactory for persistence unit 'default'
2024-12-29T04:10:05.389-05:00  INFO 13296 --- [customer_service] [main] o.s.d.j.r.query.QueryEnhancerFactory     : Hibernate is in classpath; If applicable, HQL parser will be used.
2024-12-29T04:10:06.194-05:00  WARN 13296 --- [customer_service] [main] o.s.aop.framework.CglibAopProxy          : Unable to proxy interface-implementing method [public final void org.springframework.web.filter.OncePerRequestFilter.doFilter(jakarta.servlet.ServletRequest,jakarta.servlet.ServletResponse,jakarta.servlet.FilterChain) throws jakarta.servlet.ServletException,java.io.IOException] because it is marked as final, consider using interface-based JDK proxies instead.
2024-12-29T04:10:06.195-05:00  WARN 13296 --- [customer_service] [main] o.s.aop.framework.CglibAopProxy          : Unable to proxy interface-implementing method [public final void org.springframework.web.filter.GenericFilterBean.init(jakarta.servlet.FilterConfig) throws jakarta.servlet.ServletException] because it is marked as final, consider using interface-based JDK proxies instead.
2024-12-29T04:10:06.390-05:00  WARN 13296 --- [customer_service] [main] JpaBaseConfiguration$JpaWebConfiguration : spring.jpa.open-in-view is enabled by default. Therefore, database queries may be performed during view rendering. Explicitly configure spring.jpa.open-in-view to disable this warning
2024-12-29T04:10:06.475-05:00  INFO 13296 --- [customer_service] [main] eAuthenticationProviderManagerConfigurer : Global AuthenticationManager configured with AuthenticationProvider bean with name authenticationProvider
2024-12-29T04:10:06.476-05:00  WARN 13296 --- [customer_service] [main] r$InitializeUserDetailsManagerConfigurer : Global AuthenticationManager configured with an AuthenticationProvider bean. UserDetailsService beans will not be used for username/password login. Consider removing the AuthenticationProvider bean. Alternatively, consider using the UserDetailsService in a manually instantiated DaoAuthenticationProvider.
2024-12-29T04:10:06.879-05:00 DEBUG 13296 --- [customer_service] [main] s.w.s.m.m.a.RequestMappingHandlerMapping : 10 mappings in 'requestMappingHandlerMapping'
2024-12-29T04:10:07.109-05:00 DEBUG 13296 --- [customer_service] [main] o.s.w.s.handler.SimpleUrlHandlerMapping  : Patterns [/webjars/**, /**] in 'resourceHandlerMapping'
2024-12-29T04:10:07.185-05:00 DEBUG 13296 --- [customer_service] [main] o.s.s.web.DefaultSecurityFilterChain     : Will secure any request with filters: DisableEncodeUrlFilter, WebAsyncManagerIntegrationFilter, SecurityContextHolderFilter, HeaderWriterFilter, LogoutFilter, JwtRequestFilter$$SpringCGLIB$$0, RequestCacheAwareFilter, SecurityContextHolderAwareRequestFilter, AnonymousAuthenticationFilter, ExceptionTranslationFilter, AuthorizationFilter
2024-12-29T04:10:07.397-05:00 DEBUG 13296 --- [customer_service] [main] s.w.s.m.m.a.RequestMappingHandlerAdapter : ControllerAdvice beans: 0 @ModelAttribute, 0 @InitBinder, 1 RequestBodyAdvice, 1 ResponseBodyAdvice
2024-12-29T04:10:07.472-05:00 DEBUG 13296 --- [customer_service] [main] .m.m.a.ExceptionHandlerExceptionResolver : ControllerAdvice beans: 1 @ExceptionHandler, 1 ResponseBodyAdvice
2024-12-29T04:10:07.965-05:00  INFO 13296 --- [customer_service] [main] o.s.b.w.embedded.tomcat.TomcatWebServer  : Tomcat started on port 8080 (http) with context path '/'
2024-12-29T04:10:08.129-05:00  INFO 13296 --- [customer_service] [main] o.a.k.clients.consumer.ConsumerConfig    : ConsumerConfig values: 
	allow.auto.create.topics = true
	auto.commit.interval.ms = 5000
	auto.include.jmx.reporter = true
	auto.offset.reset = latest
	bootstrap.servers = [localhost:9092]
	check.crcs = true
	client.dns.lookup = use_all_dns_ips
	client.id = consumer-customer-group-1
	client.rack = 
	connections.max.idle.ms = 540000
	default.api.timeout.ms = 60000
	enable.auto.commit = false
	enable.metrics.push = true
	exclude.internal.topics = true
	fetch.max.bytes = 52428800
	fetch.max.wait.ms = 500
	fetch.min.bytes = 1
	group.id = customer-group
	group.instance.id = null
	group.protocol = classic
	group.remote.assignor = null
	heartbeat.interval.ms = 3000
	interceptor.classes = []
	internal.leave.group.on.close = true
	internal.throw.on.fetch.stable.offset.unsupported = false
	isolation.level = read_uncommitted
	key.deserializer = class org.apache.kafka.common.serialization.StringDeserializer
	max.partition.fetch.bytes = 1048576
	max.poll.interval.ms = 300000
	max.poll.records = 500
	metadata.max.age.ms = 300000
	metric.reporters = []
	metrics.num.samples = 2
	metrics.recording.level = INFO
	metrics.sample.window.ms = 30000
	partition.assignment.strategy = [class org.apache.kafka.clients.consumer.RangeAssignor, class org.apache.kafka.clients.consumer.CooperativeStickyAssignor]
	receive.buffer.bytes = 65536
	reconnect.backoff.max.ms = 1000
	reconnect.backoff.ms = 50
	request.timeout.ms = 30000
	retry.backoff.max.ms = 1000
	retry.backoff.ms = 100
	sasl.client.callback.handler.class = null
	sasl.jaas.config = null
	sasl.kerberos.kinit.cmd = /usr/bin/kinit
	sasl.kerberos.min.time.before.relogin = 60000
	sasl.kerberos.service.name = null
	sasl.kerberos.ticket.renew.jitter = 0.05
	sasl.kerberos.ticket.renew.window.factor = 0.8
	sasl.login.callback.handler.class = null
	sasl.login.class = null
	sasl.login.connect.timeout.ms = null
	sasl.login.read.timeout.ms = null
	sasl.login.refresh.buffer.seconds = 300
	sasl.login.refresh.min.period.seconds = 60
	sasl.login.refresh.window.factor = 0.8
	sasl.login.refresh.window.jitter = 0.05
	sasl.login.retry.backoff.max.ms = 10000
	sasl.login.retry.backoff.ms = 100
	sasl.mechanism = GSSAPI
	sasl.oauthbearer.clock.skew.seconds = 30
	sasl.oauthbearer.expected.audience = null
	sasl.oauthbearer.expected.issuer = null
	sasl.oauthbearer.jwks.endpoint.refresh.ms = 3600000
	sasl.oauthbearer.jwks.endpoint.retry.backoff.max.ms = 10000
	sasl.oauthbearer.jwks.endpoint.retry.backoff.ms = 100
	sasl.oauthbearer.jwks.endpoint.url = null
	sasl.oauthbearer.scope.claim.name = scope
	sasl.oauthbearer.sub.claim.name = sub
	sasl.oauthbearer.token.endpoint.url = null
	security.protocol = PLAINTEXT
	security.providers = null
	send.buffer.bytes = 131072
	session.timeout.ms = 45000
	socket.connection.setup.timeout.max.ms = 30000
	socket.connection.setup.timeout.ms = 10000
	ssl.cipher.suites = null
	ssl.enabled.protocols = [TLSv1.2, TLSv1.3]
	ssl.endpoint.identification.algorithm = https
	ssl.engine.factory.class = null
	ssl.key.password = null
	ssl.keymanager.algorithm = SunX509
	ssl.keystore.certificate.chain = null
	ssl.keystore.key = null
	ssl.keystore.location = null
	ssl.keystore.password = null
	ssl.keystore.type = JKS
	ssl.protocol = TLSv1.3
	ssl.provider = null
	ssl.secure.random.implementation = null
	ssl.trustmanager.algorithm = PKIX
	ssl.truststore.certificates = null
	ssl.truststore.location = null
	ssl.truststore.password = null
	ssl.truststore.type = JKS
	value.deserializer = class org.apache.kafka.common.serialization.StringDeserializer

2024-12-29T04:10:08.380-05:00  INFO 13296 --- [customer_service] [main] o.a.k.c.t.i.KafkaMetricsCollector        : initializing Kafka metrics collector
2024-12-29T04:10:08.681-05:00  INFO 13296 --- [customer_service] [main] o.a.kafka.common.utils.AppInfoParser     : Kafka version: 3.7.1
2024-12-29T04:10:08.682-05:00  INFO 13296 --- [customer_service] [main] o.a.kafka.common.utils.AppInfoParser     : Kafka commitId: e2494e6ffb89f828
2024-12-29T04:10:08.685-05:00  INFO 13296 --- [customer_service] [main] o.a.kafka.common.utils.AppInfoParser     : Kafka startTimeMs: 1735463408676
2024-12-29T04:10:08.694-05:00  INFO 13296 --- [customer_service] [main] o.a.k.c.c.internals.LegacyKafkaConsumer  : [Consumer clientId=consumer-customer-group-1, groupId=customer-group] Subscribed to topic(s): candidate-response-topic
2024-12-29T04:10:08.728-05:00  INFO 13296 --- [customer_service] [main] c.e.c.CustomerServiceApplication         : Started CustomerServiceApplication in 11.789 seconds (process running for 13.626)
2024-12-29T04:10:10.051-05:00  INFO 13296 --- [customer_service] [org.springframework.kafka.KafkaListenerEndpointContainer#0-0-C-1] org.apache.kafka.clients.Metadata        : [Consumer clientId=consumer-customer-group-1, groupId=customer-group] Cluster ID: 6QNKo5SKSy-mP2MZTGkWcg
2024-12-29T04:10:10.130-05:00  INFO 13296 --- [customer_service] [org.springframework.kafka.KafkaListenerEndpointContainer#0-0-C-1] o.a.k.c.c.internals.ConsumerCoordinator  : [Consumer clientId=consumer-customer-group-1, groupId=customer-group] Discovered group coordinator host.docker.internal:9092 (id: 2147483647 rack: null)
2024-12-29T04:10:10.140-05:00  INFO 13296 --- [customer_service] [org.springframework.kafka.KafkaListenerEndpointContainer#0-0-C-1] o.a.k.c.c.internals.ConsumerCoordinator  : [Consumer clientId=consumer-customer-group-1, groupId=customer-group] (Re-)joining group
2024-12-29T04:10:10.391-05:00  INFO 13296 --- [customer_service] [org.springframework.kafka.KafkaListenerEndpointContainer#0-0-C-1] o.a.k.c.c.internals.ConsumerCoordinator  : [Consumer clientId=consumer-customer-group-1, groupId=customer-group] Request joining group due to: need to re-join with the given member-id: consumer-customer-group-1-d34c2d3c-6bfb-4ba4-93dc-2cd55e1a6125
2024-12-29T04:10:10.391-05:00  INFO 13296 --- [customer_service] [org.springframework.kafka.KafkaListenerEndpointContainer#0-0-C-1] o.a.k.c.c.internals.ConsumerCoordinator  : [Consumer clientId=consumer-customer-group-1, groupId=customer-group] (Re-)joining group
2024-12-29T04:10:10.487-05:00  INFO 13296 --- [customer_service] [org.springframework.kafka.KafkaListenerEndpointContainer#0-0-C-1] o.a.k.c.c.internals.ConsumerCoordinator  : [Consumer clientId=consumer-customer-group-1, groupId=customer-group] Successfully joined group with generation Generation{generationId=26, memberId='consumer-customer-group-1-d34c2d3c-6bfb-4ba4-93dc-2cd55e1a6125', protocol='range'}
2024-12-29T04:10:10.499-05:00  INFO 13296 --- [customer_service] [org.springframework.kafka.KafkaListenerEndpointContainer#0-0-C-1] o.a.k.c.c.internals.ConsumerCoordinator  : [Consumer clientId=consumer-customer-group-1, groupId=customer-group] Finished assignment for group at generation 26: {consumer-customer-group-1-d34c2d3c-6bfb-4ba4-93dc-2cd55e1a6125=Assignment(partitions=[candidate-response-topic-0])}
2024-12-29T04:10:10.818-05:00  INFO 13296 --- [customer_service] [org.springframework.kafka.KafkaListenerEndpointContainer#0-0-C-1] o.a.k.c.c.internals.ConsumerCoordinator  : [Consumer clientId=consumer-customer-group-1, groupId=customer-group] Successfully synced group in generation Generation{generationId=26, memberId='consumer-customer-group-1-d34c2d3c-6bfb-4ba4-93dc-2cd55e1a6125', protocol='range'}
2024-12-29T04:10:10.820-05:00  INFO 13296 --- [customer_service] [org.springframework.kafka.KafkaListenerEndpointContainer#0-0-C-1] o.a.k.c.c.internals.ConsumerCoordinator  : [Consumer clientId=consumer-customer-group-1, groupId=customer-group] Notifying assignor about the new Assignment(partitions=[candidate-response-topic-0])
2024-12-29T04:10:10.824-05:00  INFO 13296 --- [customer_service] [org.springframework.kafka.KafkaListenerEndpointContainer#0-0-C-1] k.c.c.i.ConsumerRebalanceListenerInvoker : [Consumer clientId=consumer-customer-group-1, groupId=customer-group] Adding newly assigned partitions: candidate-response-topic-0
2024-12-29T04:10:10.901-05:00  INFO 13296 --- [customer_service] [org.springframework.kafka.KafkaListenerEndpointContainer#0-0-C-1] o.a.k.c.c.internals.ConsumerUtils        : Setting offset for partition candidate-response-topic-0 to the committed offset FetchPosition{offset=21, offsetEpoch=Optional.empty, currentLeader=LeaderAndEpoch{leader=Optional[host.docker.internal:9092 (id: 0 rack: null)], epoch=0}}
2024-12-29T04:10:10.902-05:00  INFO 13296 --- [customer_service] [org.springframework.kafka.KafkaListenerEndpointContainer#0-0-C-1] o.s.k.l.KafkaMessageListenerContainer    : customer-group: partitions assigned: [candidate-response-topic-0]
2024-12-29T04:10:46.145-05:00  INFO 13296 --- [customer_service] [http-nio-8080-exec-3] o.a.c.c.C.[Tomcat].[localhost].[/]       : Initializing Spring DispatcherServlet 'dispatcherServlet'
2024-12-29T04:10:46.146-05:00  INFO 13296 --- [customer_service] [http-nio-8080-exec-3] o.s.web.servlet.DispatcherServlet        : Initializing Servlet 'dispatcherServlet'
2024-12-29T04:10:46.146-05:00 DEBUG 13296 --- [customer_service] [http-nio-8080-exec-3] o.s.web.servlet.DispatcherServlet        : Detected StandardServletMultipartResolver
2024-12-29T04:10:46.146-05:00 DEBUG 13296 --- [customer_service] [http-nio-8080-exec-3] o.s.web.servlet.DispatcherServlet        : Detected AcceptHeaderLocaleResolver
2024-12-29T04:10:46.147-05:00 DEBUG 13296 --- [customer_service] [http-nio-8080-exec-3] o.s.web.servlet.DispatcherServlet        : Detected FixedThemeResolver
2024-12-29T04:10:46.150-05:00 DEBUG 13296 --- [customer_service] [http-nio-8080-exec-3] o.s.web.servlet.DispatcherServlet        : Detected org.springframework.web.servlet.view.DefaultRequestToViewNameTranslator@1a5e19fe
2024-12-29T04:10:46.151-05:00 DEBUG 13296 --- [customer_service] [http-nio-8080-exec-3] o.s.web.servlet.DispatcherServlet        : Detected org.springframework.web.servlet.support.SessionFlashMapManager@423ddfe1
2024-12-29T04:10:46.151-05:00 DEBUG 13296 --- [customer_service] [http-nio-8080-exec-3] o.s.web.servlet.DispatcherServlet        : enableLoggingRequestDetails='false': request parameters and headers will be masked to prevent unsafe logging of potentially sensitive data
2024-12-29T04:10:46.151-05:00  INFO 13296 --- [customer_service] [http-nio-8080-exec-3] o.s.web.servlet.DispatcherServlet        : Completed initialization in 5 ms
2024-12-29T04:10:46.209-05:00 DEBUG 13296 --- [customer_service] [http-nio-8080-exec-3] o.s.security.web.FilterChainProxy        : Securing POST /api/v1/customers/send?1
2024-12-29T04:10:46.662-05:00 DEBUG 13296 --- [customer_service] [http-nio-8080-exec-3] o.s.s.w.a.AnonymousAuthenticationFilter  : Set SecurityContextHolder to anonymous SecurityContext
2024-12-29T04:10:46.769-05:00 DEBUG 13296 --- [customer_service] [http-nio-8080-exec-3] o.s.s.w.s.HttpSessionRequestCache        : Saved request http://localhost:8080/api/v1/customers/send?1&continue to session
2024-12-29T04:10:46.771-05:00 DEBUG 13296 --- [customer_service] [http-nio-8080-exec-3] o.s.s.w.a.Http403ForbiddenEntryPoint     : Pre-authenticated entry point called. Rejecting access
2024-12-29T04:10:46.798-05:00 DEBUG 13296 --- [customer_service] [http-nio-8080-exec-3] o.s.security.web.FilterChainProxy        : Securing POST /error?1
2024-12-29T04:10:46.803-05:00 DEBUG 13296 --- [customer_service] [http-nio-8080-exec-3] o.s.s.w.a.AnonymousAuthenticationFilter  : Set SecurityContextHolder to anonymous SecurityContext
2024-12-29T04:10:46.805-05:00 DEBUG 13296 --- [customer_service] [http-nio-8080-exec-3] o.s.s.w.s.HttpSessionRequestCache        : Saved request http://localhost:8080/error?1&continue to session
2024-12-29T04:10:46.806-05:00 DEBUG 13296 --- [customer_service] [http-nio-8080-exec-3] o.s.s.w.a.Http403ForbiddenEntryPoint     : Pre-authenticated entry point called. Rejecting access
2024-12-29T04:10:52.266-05:00 DEBUG 13296 --- [customer_service] [http-nio-8080-exec-2] o.s.security.web.FilterChainProxy        : Securing POST /api/v1/auth/login
2024-12-29T04:10:52.271-05:00 DEBUG 13296 --- [customer_service] [http-nio-8080-exec-2] o.s.security.web.FilterChainProxy        : Secured POST /api/v1/auth/login
2024-12-29T04:10:52.278-05:00 DEBUG 13296 --- [customer_service] [http-nio-8080-exec-2] o.s.web.servlet.DispatcherServlet        : POST "/api/v1/auth/login", parameters={}
2024-12-29T04:10:52.281-05:00 DEBUG 13296 --- [customer_service] [http-nio-8080-exec-2] s.w.s.m.m.a.RequestMappingHandlerMapping : Mapped to com.example.customer_service.controller.AuthController#login(AuthRequest)
2024-12-29T04:10:52.601-05:00 DEBUG 13296 --- [customer_service] [http-nio-8080-exec-2] m.m.a.RequestResponseBodyMethodProcessor : Read "application/json;charset=UTF-8" to [AuthRequest(email=Keertanap@gmail.com, password=1234)]
2024-12-29T04:10:53.524-05:00 DEBUG 13296 --- [customer_service] [http-nio-8080-exec-2] o.s.s.a.dao.DaoAuthenticationProvider    : Authenticated user
2024-12-29T04:10:53.691-05:00 DEBUG 13296 --- [customer_service] [http-nio-8080-exec-2] m.m.a.RequestResponseBodyMethodProcessor : Using 'application/json', given [*/*] and supported [application/json, application/*+json]
2024-12-29T04:10:53.695-05:00 DEBUG 13296 --- [customer_service] [http-nio-8080-exec-2] m.m.a.RequestResponseBodyMethodProcessor : Writing [AuthResponse(token=eyJhbGciOiJIUzI1NiJ9.eyJzdWIiOiJLZWVydGFuYXBAZ21haWwuY29tIiwicm9sZXMiOlsiUk9MRV9B (truncated)...]
2024-12-29T04:10:53.721-05:00 DEBUG 13296 --- [customer_service] [http-nio-8080-exec-2] o.s.web.servlet.DispatcherServlet        : Completed 200 OK
2024-12-29T04:10:53.722-05:00 DEBUG 13296 --- [customer_service] [http-nio-8080-exec-2] o.s.s.w.a.AnonymousAuthenticationFilter  : Set SecurityContextHolder to anonymous SecurityContext
2024-12-29T04:11:04.588-05:00 DEBUG 13296 --- [customer_service] [http-nio-8080-exec-4] o.s.security.web.FilterChainProxy        : Securing POST /api/v1/customers/send?1
2024-12-29T04:11:04.805-05:00 DEBUG 13296 --- [customer_service] [http-nio-8080-exec-4] o.s.security.web.FilterChainProxy        : Secured POST /api/v1/customers/send?1
2024-12-29T04:11:04.808-05:00 DEBUG 13296 --- [customer_service] [http-nio-8080-exec-4] o.s.web.servlet.DispatcherServlet        : POST "/api/v1/customers/send?1", parameters={masked}
2024-12-29T04:11:04.809-05:00 DEBUG 13296 --- [customer_service] [http-nio-8080-exec-4] s.w.s.m.m.a.RequestMappingHandlerMapping : Mapped to com.example.customer_service.controller.CustomerController#sendCustomerId(Long)
2024-12-29T04:11:04.839-05:00 DEBUG 13296 --- [customer_service] [http-nio-8080-exec-4] o.s.web.method.HandlerMethod             : Could not resolve parameter [0] in public org.springframework.http.ResponseEntity<java.lang.String> com.example.customer_service.controller.CustomerController.sendCustomerId(java.lang.Long): Required URI template variable 'customerId' for method parameter type Long is not present
2024-12-29T04:11:04.850-05:00 DEBUG 13296 --- [customer_service] [http-nio-8080-exec-4] .m.m.a.ExceptionHandlerExceptionResolver : Using @ExceptionHandler com.example.customer_service.exception.GlobalExceptionHandler#handleGenericException(Exception)
2024-12-29T04:11:04.866-05:00 DEBUG 13296 --- [customer_service] [http-nio-8080-exec-4] o.s.w.s.m.m.a.HttpEntityMethodProcessor  : Using 'application/json', given [*/*] and supported [application/json, application/*+json]
2024-12-29T04:11:04.871-05:00 DEBUG 13296 --- [customer_service] [http-nio-8080-exec-4] o.s.w.s.m.m.a.HttpEntityMethodProcessor  : Writing [{details=Required URI template variable 'customerId' for method parameter type Long is not present,  (truncated)...]
2024-12-29T04:11:04.886-05:00 DEBUG 13296 --- [customer_service] [http-nio-8080-exec-4] .m.m.a.ExceptionHandlerExceptionResolver : Resolved [org.springframework.web.bind.MissingPathVariableException: Required URI template variable 'customerId' for method parameter type Long is not present]
2024-12-29T04:11:04.888-05:00 DEBUG 13296 --- [customer_service] [http-nio-8080-exec-4] o.s.web.servlet.DispatcherServlet        : Completed 500 INTERNAL_SERVER_ERROR
2024-12-29T04:11:15.776-05:00 DEBUG 13296 --- [customer_service] [http-nio-8080-exec-5] o.s.security.web.FilterChainProxy        : Securing POST /api/v1/customers/send?customerId=1
2024-12-29T04:11:15.817-05:00 DEBUG 13296 --- [customer_service] [http-nio-8080-exec-5] o.s.security.web.FilterChainProxy        : Secured POST /api/v1/customers/send?customerId=1
2024-12-29T04:11:15.819-05:00 DEBUG 13296 --- [customer_service] [http-nio-8080-exec-5] o.s.web.servlet.DispatcherServlet        : POST "/api/v1/customers/send?customerId=1", parameters={masked}
2024-12-29T04:11:15.824-05:00 DEBUG 13296 --- [customer_service] [http-nio-8080-exec-5] s.w.s.m.m.a.RequestMappingHandlerMapping : Mapped to com.example.customer_service.controller.CustomerController#sendCustomerId(Long)
2024-12-29T04:11:15.828-05:00 DEBUG 13296 --- [customer_service] [http-nio-8080-exec-5] o.s.web.method.HandlerMethod             : Could not resolve parameter [0] in public org.springframework.http.ResponseEntity<java.lang.String> com.example.customer_service.controller.CustomerController.sendCustomerId(java.lang.Long): Required URI template variable 'customerId' for method parameter type Long is not present
2024-12-29T04:11:15.831-05:00 DEBUG 13296 --- [customer_service] [http-nio-8080-exec-5] .m.m.a.ExceptionHandlerExceptionResolver : Using @ExceptionHandler com.example.customer_service.exception.GlobalExceptionHandler#handleGenericException(Exception)
2024-12-29T04:11:15.833-05:00 DEBUG 13296 --- [customer_service] [http-nio-8080-exec-5] o.s.w.s.m.m.a.HttpEntityMethodProcessor  : Using 'application/json', given [*/*] and supported [application/json, application/*+json]
2024-12-29T04:11:15.835-05:00 DEBUG 13296 --- [customer_service] [http-nio-8080-exec-5] o.s.w.s.m.m.a.HttpEntityMethodProcessor  : Writing [{details=Required URI template variable 'customerId' for method parameter type Long is not present,  (truncated)...]
2024-12-29T04:11:15.837-05:00 DEBUG 13296 --- [customer_service] [http-nio-8080-exec-5] .m.m.a.ExceptionHandlerExceptionResolver : Resolved [org.springframework.web.bind.MissingPathVariableException: Required URI template variable 'customerId' for method parameter type Long is not present]
2024-12-29T04:11:15.841-05:00 DEBUG 13296 --- [customer_service] [http-nio-8080-exec-5] o.s.web.servlet.DispatcherServlet        : Completed 500 INTERNAL_SERVER_ERROR
2024-12-29T04:14:08.453-05:00 DEBUG 13296 --- [customer_service] [http-nio-8080-exec-8] o.s.security.web.FilterChainProxy        : Securing POST /api/v1/customers/send?customerId=1
2024-12-29T04:14:08.499-05:00 DEBUG 13296 --- [customer_service] [http-nio-8080-exec-8] o.s.security.web.FilterChainProxy        : Secured POST /api/v1/customers/send?customerId=1
2024-12-29T04:14:08.500-05:00 DEBUG 13296 --- [customer_service] [http-nio-8080-exec-8] o.s.web.servlet.DispatcherServlet        : POST "/api/v1/customers/send?customerId=1", parameters={masked}
2024-12-29T04:14:08.501-05:00 DEBUG 13296 --- [customer_service] [http-nio-8080-exec-8] s.w.s.m.m.a.RequestMappingHandlerMapping : Mapped to com.example.customer_service.controller.CustomerController#sendCustomerId(Long)
2024-12-29T04:14:08.506-05:00 DEBUG 13296 --- [customer_service] [http-nio-8080-exec-8] o.s.web.method.HandlerMethod             : Could not resolve parameter [0] in public org.springframework.http.ResponseEntity<java.lang.String> com.example.customer_service.controller.CustomerController.sendCustomerId(java.lang.Long): Required URI template variable 'customerId' for method parameter type Long is not present
2024-12-29T04:14:08.507-05:00 DEBUG 13296 --- [customer_service] [http-nio-8080-exec-8] .m.m.a.ExceptionHandlerExceptionResolver : Using @ExceptionHandler com.example.customer_service.exception.GlobalExceptionHandler#handleGenericException(Exception)
2024-12-29T04:14:08.509-05:00 DEBUG 13296 --- [customer_service] [http-nio-8080-exec-8] o.s.w.s.m.m.a.HttpEntityMethodProcessor  : Using 'application/json', given [*/*] and supported [application/json, application/*+json]
2024-12-29T04:14:08.510-05:00 DEBUG 13296 --- [customer_service] [http-nio-8080-exec-8] o.s.w.s.m.m.a.HttpEntityMethodProcessor  : Writing [{details=Required URI template variable 'customerId' for method parameter type Long is not present,  (truncated)...]
2024-12-29T04:14:08.512-05:00 DEBUG 13296 --- [customer_service] [http-nio-8080-exec-8] .m.m.a.ExceptionHandlerExceptionResolver : Resolved [org.springframework.web.bind.MissingPathVariableException: Required URI template variable 'customerId' for method parameter type Long is not present]
2024-12-29T04:14:08.515-05:00 DEBUG 13296 --- [customer_service] [http-nio-8080-exec-8] o.s.web.servlet.DispatcherServlet        : Completed 500 INTERNAL_SERVER_ERROR
2024-12-29T04:14:44.742-05:00 DEBUG 13296 --- [customer_service] [http-nio-8080-exec-9] o.s.security.web.FilterChainProxy        : Securing POST /api/v1/customers/send/1
2024-12-29T04:14:44.769-05:00 DEBUG 13296 --- [customer_service] [http-nio-8080-exec-9] o.s.security.web.FilterChainProxy        : Secured POST /api/v1/customers/send/1
2024-12-29T04:14:44.770-05:00 DEBUG 13296 --- [customer_service] [http-nio-8080-exec-9] o.s.web.servlet.DispatcherServlet        : POST "/api/v1/customers/send/1", parameters={}
2024-12-29T04:14:44.774-05:00 DEBUG 13296 --- [customer_service] [http-nio-8080-exec-9] o.s.w.s.handler.SimpleUrlHandlerMapping  : Mapped to ResourceHttpRequestHandler [classpath [META-INF/resources/], classpath [resources/], classpath [static/], classpath [public/], ServletContext [/]]
2024-12-29T04:14:44.782-05:00 DEBUG 13296 --- [customer_service] [http-nio-8080-exec-9] o.s.w.s.r.ResourceHttpRequestHandler     : Resource not found
2024-12-29T04:14:44.785-05:00 DEBUG 13296 --- [customer_service] [http-nio-8080-exec-9] .m.m.a.ExceptionHandlerExceptionResolver : Using @ExceptionHandler com.example.customer_service.exception.GlobalExceptionHandler#handleGenericException(Exception)
2024-12-29T04:14:44.785-05:00 DEBUG 13296 --- [customer_service] [http-nio-8080-exec-9] o.s.w.s.m.m.a.HttpEntityMethodProcessor  : Using 'application/json', given [*/*] and supported [application/json, application/*+json]
2024-12-29T04:14:44.786-05:00 DEBUG 13296 --- [customer_service] [http-nio-8080-exec-9] o.s.w.s.m.m.a.HttpEntityMethodProcessor  : Writing [{details=No static resource api/v1/customers/send/1., message=An unexpected error occurred, timestam (truncated)...]
2024-12-29T04:14:44.787-05:00 DEBUG 13296 --- [customer_service] [http-nio-8080-exec-9] .m.m.a.ExceptionHandlerExceptionResolver : Resolved [org.springframework.web.servlet.resource.NoResourceFoundException: No static resource api/v1/customers/send/1.]
2024-12-29T04:14:44.788-05:00 DEBUG 13296 --- [customer_service] [http-nio-8080-exec-9] o.s.web.servlet.DispatcherServlet        : Completed 500 INTERNAL_SERVER_ERROR
2024-12-29T04:14:59.592-05:00  INFO 13296 --- [customer_service] [org.springframework.kafka.KafkaListenerEndpointContainer#0-0-C-1] k.c.c.i.ConsumerRebalanceListenerInvoker : [Consumer clientId=consumer-customer-group-1, groupId=customer-group] Revoke previously assigned partitions candidate-response-topic-0
2024-12-29T04:14:59.595-05:00  INFO 13296 --- [customer_service] [org.springframework.kafka.KafkaListenerEndpointContainer#0-0-C-1] o.s.k.l.KafkaMessageListenerContainer    : customer-group: partitions revoked: [candidate-response-topic-0]
2024-12-29T04:14:59.597-05:00  INFO 13296 --- [customer_service] [org.springframework.kafka.KafkaListenerEndpointContainer#0-0-C-1] o.a.k.c.c.internals.ConsumerCoordinator  : [Consumer clientId=consumer-customer-group-1, groupId=customer-group] Member consumer-customer-group-1-d34c2d3c-6bfb-4ba4-93dc-2cd55e1a6125 sending LeaveGroup request to coordinator host.docker.internal:9092 (id: 2147483647 rack: null) due to the consumer unsubscribed from all topics
2024-12-29T04:14:59.599-05:00  INFO 13296 --- [customer_service] [org.springframework.kafka.KafkaListenerEndpointContainer#0-0-C-1] o.a.k.c.c.internals.ConsumerCoordinator  : [Consumer clientId=consumer-customer-group-1, groupId=customer-group] Resetting generation and member id due to: consumer pro-actively leaving the group
2024-12-29T04:14:59.599-05:00  INFO 13296 --- [customer_service] [org.springframework.kafka.KafkaListenerEndpointContainer#0-0-C-1] o.a.k.c.c.internals.ConsumerCoordinator  : [Consumer clientId=consumer-customer-group-1, groupId=customer-group] Request joining group due to: consumer pro-actively leaving the group
2024-12-29T04:14:59.599-05:00  INFO 13296 --- [customer_service] [org.springframework.kafka.KafkaListenerEndpointContainer#0-0-C-1] o.a.k.c.c.internals.LegacyKafkaConsumer  : [Consumer clientId=consumer-customer-group-1, groupId=customer-group] Unsubscribed all topics or patterns and assigned partitions
2024-12-29T04:14:59.624-05:00  INFO 13296 --- [customer_service] [org.springframework.kafka.KafkaListenerEndpointContainer#0-0-C-1] o.a.k.c.c.internals.ConsumerCoordinator  : [Consumer clientId=consumer-customer-group-1, groupId=customer-group] Resetting generation and member id due to: consumer pro-actively leaving the group
2024-12-29T04:14:59.624-05:00  INFO 13296 --- [customer_service] [org.springframework.kafka.KafkaListenerEndpointContainer#0-0-C-1] o.a.k.c.c.internals.ConsumerCoordinator  : [Consumer clientId=consumer-customer-group-1, groupId=customer-group] Request joining group due to: consumer pro-actively leaving the group
2024-12-29T04:15:00.194-05:00  INFO 13296 --- [customer_service] [org.springframework.kafka.KafkaListenerEndpointContainer#0-0-C-1] o.apache.kafka.common.metrics.Metrics    : Metrics scheduler closed
2024-12-29T04:15:00.195-05:00  INFO 13296 --- [customer_service] [org.springframework.kafka.KafkaListenerEndpointContainer#0-0-C-1] o.apache.kafka.common.metrics.Metrics    : Closing reporter org.apache.kafka.common.metrics.JmxReporter
2024-12-29T04:15:00.195-05:00  INFO 13296 --- [customer_service] [org.springframework.kafka.KafkaListenerEndpointContainer#0-0-C-1] o.apache.kafka.common.metrics.Metrics    : Closing reporter org.apache.kafka.common.telemetry.internals.ClientTelemetryReporter
2024-12-29T04:15:00.195-05:00  INFO 13296 --- [customer_service] [org.springframework.kafka.KafkaListenerEndpointContainer#0-0-C-1] o.apache.kafka.common.metrics.Metrics    : Metrics reporters closed
2024-12-29T04:15:00.305-05:00  INFO 13296 --- [customer_service] [org.springframework.kafka.KafkaListenerEndpointContainer#0-0-C-1] o.a.kafka.common.utils.AppInfoParser     : App info kafka.consumer for consumer-customer-group-1 unregistered
2024-12-29T04:15:00.307-05:00  INFO 13296 --- [customer_service] [org.springframework.kafka.KafkaListenerEndpointContainer#0-0-C-1] o.s.k.l.KafkaMessageListenerContainer    : customer-group: Consumer stopped
2024-12-29T04:15:00.447-05:00  INFO 13296 --- [customer_service] [SpringApplicationShutdownHook] j.LocalContainerEntityManagerFactoryBean : Closing JPA EntityManagerFactory for persistence unit 'default'
2024-12-29T04:15:00.480-05:00  INFO 13296 --- [customer_service] [SpringApplicationShutdownHook] com.zaxxer.hikari.HikariDataSource       : HikariPool-1 - Shutdown initiated...
2024-12-29T04:15:00.505-05:00  INFO 13296 --- [customer_service] [SpringApplicationShutdownHook] com.zaxxer.hikari.HikariDataSource       : HikariPool-1 - Shutdown completed.
2024-12-29T04:15:13.748-05:00  INFO 24020 --- [customer_service] [main] c.e.c.CustomerServiceApplication         : Starting CustomerServiceApplication using Java 23.0.1 with PID 24020 (C:\Users\psaik\customer_service\target\classes started by psaik in C:\Users\psaik\customer_service)
2024-12-29T04:15:13.751-05:00 DEBUG 24020 --- [customer_service] [main] c.e.c.CustomerServiceApplication         : Running with Spring Boot v3.3.5, Spring v6.1.14
2024-12-29T04:15:13.752-05:00  INFO 24020 --- [customer_service] [main] c.e.c.CustomerServiceApplication         : No active profile set, falling back to 1 default profile: "default"
2024-12-29T04:15:15.534-05:00  INFO 24020 --- [customer_service] [main] .s.d.r.c.RepositoryConfigurationDelegate : Bootstrapping Spring Data JPA repositories in DEFAULT mode.
2024-12-29T04:15:15.812-05:00  INFO 24020 --- [customer_service] [main] .s.d.r.c.RepositoryConfigurationDelegate : Finished Spring Data repository scanning in 234 ms. Found 1 JPA repository interface.
2024-12-29T04:15:17.441-05:00  INFO 24020 --- [customer_service] [main] o.s.b.w.embedded.tomcat.TomcatWebServer  : Tomcat initialized with port 8080 (http)
2024-12-29T04:15:17.469-05:00  INFO 24020 --- [customer_service] [main] o.apache.catalina.core.StandardService   : Starting service [Tomcat]
2024-12-29T04:15:17.471-05:00  INFO 24020 --- [customer_service] [main] o.apache.catalina.core.StandardEngine    : Starting Servlet engine: [Apache Tomcat/10.1.31]
2024-12-29T04:15:17.620-05:00  INFO 24020 --- [customer_service] [main] o.a.c.c.C.[Tomcat].[localhost].[/]       : Initializing Spring embedded WebApplicationContext
2024-12-29T04:15:17.621-05:00  INFO 24020 --- [customer_service] [main] w.s.c.ServletWebServerApplicationContext : Root WebApplicationContext: initialization completed in 3769 ms
2024-12-29T04:15:17.736-05:00 DEBUG 24020 --- [customer_service] [main] c.e.c.security.JwtRequestFilter          : Filter 'jwtRequestFilter' configured for use
2024-12-29T04:15:17.931-05:00  INFO 24020 --- [customer_service] [main] o.hibernate.jpa.internal.util.LogHelper  : HHH000204: Processing PersistenceUnitInfo [name: default]
2024-12-29T04:15:18.123-05:00  INFO 24020 --- [customer_service] [main] org.hibernate.Version                    : HHH000412: Hibernate ORM core version 6.5.3.Final
2024-12-29T04:15:18.198-05:00  INFO 24020 --- [customer_service] [main] o.h.c.internal.RegionFactoryInitiator    : HHH000026: Second-level cache disabled
2024-12-29T04:15:18.807-05:00  INFO 24020 --- [customer_service] [main] o.s.o.j.p.SpringPersistenceUnitInfo      : No LoadTimeWeaver setup: ignoring JPA class transformer
2024-12-29T04:15:18.882-05:00  INFO 24020 --- [customer_service] [main] com.zaxxer.hikari.HikariDataSource       : HikariPool-1 - Starting...
2024-12-29T04:15:19.285-05:00  INFO 24020 --- [customer_service] [main] com.zaxxer.hikari.pool.HikariPool        : HikariPool-1 - Added connection org.postgresql.jdbc.PgConnection@2404abe2
2024-12-29T04:15:19.288-05:00  INFO 24020 --- [customer_service] [main] com.zaxxer.hikari.HikariDataSource       : HikariPool-1 - Start completed.
2024-12-29T04:15:19.396-05:00  WARN 24020 --- [customer_service] [main] org.hibernate.orm.deprecation            : HHH90000025: PostgreSQLDialect does not need to be specified explicitly using 'hibernate.dialect' (remove the property setting and it will be selected by default)
2024-12-29T04:15:20.948-05:00  INFO 24020 --- [customer_service] [main] o.h.e.t.j.p.i.JtaPlatformInitiator       : HHH000489: No JTA platform available (set 'hibernate.transaction.jta.platform' to enable JTA platform integration)
2024-12-29T04:15:21.053-05:00  INFO 24020 --- [customer_service] [main] j.LocalContainerEntityManagerFactoryBean : Initialized JPA EntityManagerFactory for persistence unit 'default'
2024-12-29T04:15:21.543-05:00  INFO 24020 --- [customer_service] [main] o.s.d.j.r.query.QueryEnhancerFactory     : Hibernate is in classpath; If applicable, HQL parser will be used.
2024-12-29T04:15:22.241-05:00  WARN 24020 --- [customer_service] [main] o.s.aop.framework.CglibAopProxy          : Unable to proxy interface-implementing method [public final void org.springframework.web.filter.OncePerRequestFilter.doFilter(jakarta.servlet.ServletRequest,jakarta.servlet.ServletResponse,jakarta.servlet.FilterChain) throws jakarta.servlet.ServletException,java.io.IOException] because it is marked as final, consider using interface-based JDK proxies instead.
2024-12-29T04:15:22.243-05:00  WARN 24020 --- [customer_service] [main] o.s.aop.framework.CglibAopProxy          : Unable to proxy interface-implementing method [public final void org.springframework.web.filter.GenericFilterBean.init(jakarta.servlet.FilterConfig) throws jakarta.servlet.ServletException] because it is marked as final, consider using interface-based JDK proxies instead.
2024-12-29T04:15:22.497-05:00  WARN 24020 --- [customer_service] [main] JpaBaseConfiguration$JpaWebConfiguration : spring.jpa.open-in-view is enabled by default. Therefore, database queries may be performed during view rendering. Explicitly configure spring.jpa.open-in-view to disable this warning
2024-12-29T04:15:22.574-05:00  INFO 24020 --- [customer_service] [main] eAuthenticationProviderManagerConfigurer : Global AuthenticationManager configured with AuthenticationProvider bean with name authenticationProvider
2024-12-29T04:15:22.574-05:00  WARN 24020 --- [customer_service] [main] r$InitializeUserDetailsManagerConfigurer : Global AuthenticationManager configured with an AuthenticationProvider bean. UserDetailsService beans will not be used for username/password login. Consider removing the AuthenticationProvider bean. Alternatively, consider using the UserDetailsService in a manually instantiated DaoAuthenticationProvider.
2024-12-29T04:15:22.808-05:00 DEBUG 24020 --- [customer_service] [main] s.w.s.m.m.a.RequestMappingHandlerMapping : 10 mappings in 'requestMappingHandlerMapping'
2024-12-29T04:15:22.964-05:00 DEBUG 24020 --- [customer_service] [main] o.s.w.s.handler.SimpleUrlHandlerMapping  : Patterns [/webjars/**, /**] in 'resourceHandlerMapping'
2024-12-29T04:15:23.095-05:00 DEBUG 24020 --- [customer_service] [main] o.s.s.web.DefaultSecurityFilterChain     : Will secure any request with filters: DisableEncodeUrlFilter, WebAsyncManagerIntegrationFilter, SecurityContextHolderFilter, HeaderWriterFilter, LogoutFilter, JwtRequestFilter$$SpringCGLIB$$0, RequestCacheAwareFilter, SecurityContextHolderAwareRequestFilter, AnonymousAuthenticationFilter, ExceptionTranslationFilter, AuthorizationFilter
2024-12-29T04:15:23.210-05:00 DEBUG 24020 --- [customer_service] [main] s.w.s.m.m.a.RequestMappingHandlerAdapter : ControllerAdvice beans: 0 @ModelAttribute, 0 @InitBinder, 1 RequestBodyAdvice, 1 ResponseBodyAdvice
2024-12-29T04:15:23.285-05:00 DEBUG 24020 --- [customer_service] [main] .m.m.a.ExceptionHandlerExceptionResolver : ControllerAdvice beans: 1 @ExceptionHandler, 1 ResponseBodyAdvice
2024-12-29T04:15:23.775-05:00  INFO 24020 --- [customer_service] [main] o.s.b.w.embedded.tomcat.TomcatWebServer  : Tomcat started on port 8080 (http) with context path '/'
2024-12-29T04:15:23.858-05:00  INFO 24020 --- [customer_service] [main] o.a.k.clients.consumer.ConsumerConfig    : ConsumerConfig values: 
	allow.auto.create.topics = true
	auto.commit.interval.ms = 5000
	auto.include.jmx.reporter = true
	auto.offset.reset = latest
	bootstrap.servers = [localhost:9092]
	check.crcs = true
	client.dns.lookup = use_all_dns_ips
	client.id = consumer-customer-group-1
	client.rack = 
	connections.max.idle.ms = 540000
	default.api.timeout.ms = 60000
	enable.auto.commit = false
	enable.metrics.push = true
	exclude.internal.topics = true
	fetch.max.bytes = 52428800
	fetch.max.wait.ms = 500
	fetch.min.bytes = 1
	group.id = customer-group
	group.instance.id = null
	group.protocol = classic
	group.remote.assignor = null
	heartbeat.interval.ms = 3000
	interceptor.classes = []
	internal.leave.group.on.close = true
	internal.throw.on.fetch.stable.offset.unsupported = false
	isolation.level = read_uncommitted
	key.deserializer = class org.apache.kafka.common.serialization.StringDeserializer
	max.partition.fetch.bytes = 1048576
	max.poll.interval.ms = 300000
	max.poll.records = 500
	metadata.max.age.ms = 300000
	metric.reporters = []
	metrics.num.samples = 2
	metrics.recording.level = INFO
	metrics.sample.window.ms = 30000
	partition.assignment.strategy = [class org.apache.kafka.clients.consumer.RangeAssignor, class org.apache.kafka.clients.consumer.CooperativeStickyAssignor]
	receive.buffer.bytes = 65536
	reconnect.backoff.max.ms = 1000
	reconnect.backoff.ms = 50
	request.timeout.ms = 30000
	retry.backoff.max.ms = 1000
	retry.backoff.ms = 100
	sasl.client.callback.handler.class = null
	sasl.jaas.config = null
	sasl.kerberos.kinit.cmd = /usr/bin/kinit
	sasl.kerberos.min.time.before.relogin = 60000
	sasl.kerberos.service.name = null
	sasl.kerberos.ticket.renew.jitter = 0.05
	sasl.kerberos.ticket.renew.window.factor = 0.8
	sasl.login.callback.handler.class = null
	sasl.login.class = null
	sasl.login.connect.timeout.ms = null
	sasl.login.read.timeout.ms = null
	sasl.login.refresh.buffer.seconds = 300
	sasl.login.refresh.min.period.seconds = 60
	sasl.login.refresh.window.factor = 0.8
	sasl.login.refresh.window.jitter = 0.05
	sasl.login.retry.backoff.max.ms = 10000
	sasl.login.retry.backoff.ms = 100
	sasl.mechanism = GSSAPI
	sasl.oauthbearer.clock.skew.seconds = 30
	sasl.oauthbearer.expected.audience = null
	sasl.oauthbearer.expected.issuer = null
	sasl.oauthbearer.jwks.endpoint.refresh.ms = 3600000
	sasl.oauthbearer.jwks.endpoint.retry.backoff.max.ms = 10000
	sasl.oauthbearer.jwks.endpoint.retry.backoff.ms = 100
	sasl.oauthbearer.jwks.endpoint.url = null
	sasl.oauthbearer.scope.claim.name = scope
	sasl.oauthbearer.sub.claim.name = sub
	sasl.oauthbearer.token.endpoint.url = null
	security.protocol = PLAINTEXT
	security.providers = null
	send.buffer.bytes = 131072
	session.timeout.ms = 45000
	socket.connection.setup.timeout.max.ms = 30000
	socket.connection.setup.timeout.ms = 10000
	ssl.cipher.suites = null
	ssl.enabled.protocols = [TLSv1.2, TLSv1.3]
	ssl.endpoint.identification.algorithm = https
	ssl.engine.factory.class = null
	ssl.key.password = null
	ssl.keymanager.algorithm = SunX509
	ssl.keystore.certificate.chain = null
	ssl.keystore.key = null
	ssl.keystore.location = null
	ssl.keystore.password = null
	ssl.keystore.type = JKS
	ssl.protocol = TLSv1.3
	ssl.provider = null
	ssl.secure.random.implementation = null
	ssl.trustmanager.algorithm = PKIX
	ssl.truststore.certificates = null
	ssl.truststore.location = null
	ssl.truststore.password = null
	ssl.truststore.type = JKS
	value.deserializer = class org.apache.kafka.common.serialization.StringDeserializer

2024-12-29T04:15:23.994-05:00  INFO 24020 --- [customer_service] [main] o.a.k.c.t.i.KafkaMetricsCollector        : initializing Kafka metrics collector
2024-12-29T04:15:24.223-05:00  INFO 24020 --- [customer_service] [main] o.a.kafka.common.utils.AppInfoParser     : Kafka version: 3.7.1
2024-12-29T04:15:24.223-05:00  INFO 24020 --- [customer_service] [main] o.a.kafka.common.utils.AppInfoParser     : Kafka commitId: e2494e6ffb89f828
2024-12-29T04:15:24.223-05:00  INFO 24020 --- [customer_service] [main] o.a.kafka.common.utils.AppInfoParser     : Kafka startTimeMs: 1735463724221
2024-12-29T04:15:24.230-05:00  INFO 24020 --- [customer_service] [main] o.a.k.c.c.internals.LegacyKafkaConsumer  : [Consumer clientId=consumer-customer-group-1, groupId=customer-group] Subscribed to topic(s): candidate-response-topic
2024-12-29T04:15:24.256-05:00  INFO 24020 --- [customer_service] [main] c.e.c.CustomerServiceApplication         : Started CustomerServiceApplication in 11.279 seconds (process running for 12.509)
2024-12-29T04:15:25.266-05:00  INFO 24020 --- [customer_service] [org.springframework.kafka.KafkaListenerEndpointContainer#0-0-C-1] org.apache.kafka.clients.Metadata        : [Consumer clientId=consumer-customer-group-1, groupId=customer-group] Cluster ID: 6QNKo5SKSy-mP2MZTGkWcg
2024-12-29T04:15:25.267-05:00  INFO 24020 --- [customer_service] [org.springframework.kafka.KafkaListenerEndpointContainer#0-0-C-1] o.a.k.c.c.internals.ConsumerCoordinator  : [Consumer clientId=consumer-customer-group-1, groupId=customer-group] Discovered group coordinator host.docker.internal:9092 (id: 2147483647 rack: null)
2024-12-29T04:15:25.277-05:00  INFO 24020 --- [customer_service] [org.springframework.kafka.KafkaListenerEndpointContainer#0-0-C-1] o.a.k.c.c.internals.ConsumerCoordinator  : [Consumer clientId=consumer-customer-group-1, groupId=customer-group] (Re-)joining group
2024-12-29T04:15:25.307-05:00  INFO 24020 --- [customer_service] [org.springframework.kafka.KafkaListenerEndpointContainer#0-0-C-1] o.a.k.c.c.internals.ConsumerCoordinator  : [Consumer clientId=consumer-customer-group-1, groupId=customer-group] Request joining group due to: need to re-join with the given member-id: consumer-customer-group-1-f18dc6cc-9b5f-4105-880a-798cc0c0f9eb
2024-12-29T04:15:25.308-05:00  INFO 24020 --- [customer_service] [org.springframework.kafka.KafkaListenerEndpointContainer#0-0-C-1] o.a.k.c.c.internals.ConsumerCoordinator  : [Consumer clientId=consumer-customer-group-1, groupId=customer-group] (Re-)joining group
2024-12-29T04:15:25.321-05:00  INFO 24020 --- [customer_service] [org.springframework.kafka.KafkaListenerEndpointContainer#0-0-C-1] o.a.k.c.c.internals.ConsumerCoordinator  : [Consumer clientId=consumer-customer-group-1, groupId=customer-group] Successfully joined group with generation Generation{generationId=28, memberId='consumer-customer-group-1-f18dc6cc-9b5f-4105-880a-798cc0c0f9eb', protocol='range'}
2024-12-29T04:15:25.332-05:00  INFO 24020 --- [customer_service] [org.springframework.kafka.KafkaListenerEndpointContainer#0-0-C-1] o.a.k.c.c.internals.ConsumerCoordinator  : [Consumer clientId=consumer-customer-group-1, groupId=customer-group] Finished assignment for group at generation 28: {consumer-customer-group-1-f18dc6cc-9b5f-4105-880a-798cc0c0f9eb=Assignment(partitions=[candidate-response-topic-0])}
2024-12-29T04:15:25.351-05:00  INFO 24020 --- [customer_service] [org.springframework.kafka.KafkaListenerEndpointContainer#0-0-C-1] o.a.k.c.c.internals.ConsumerCoordinator  : [Consumer clientId=consumer-customer-group-1, groupId=customer-group] Successfully synced group in generation Generation{generationId=28, memberId='consumer-customer-group-1-f18dc6cc-9b5f-4105-880a-798cc0c0f9eb', protocol='range'}
2024-12-29T04:15:25.354-05:00  INFO 24020 --- [customer_service] [org.springframework.kafka.KafkaListenerEndpointContainer#0-0-C-1] o.a.k.c.c.internals.ConsumerCoordinator  : [Consumer clientId=consumer-customer-group-1, groupId=customer-group] Notifying assignor about the new Assignment(partitions=[candidate-response-topic-0])
2024-12-29T04:15:25.365-05:00  INFO 24020 --- [customer_service] [org.springframework.kafka.KafkaListenerEndpointContainer#0-0-C-1] k.c.c.i.ConsumerRebalanceListenerInvoker : [Consumer clientId=consumer-customer-group-1, groupId=customer-group] Adding newly assigned partitions: candidate-response-topic-0
2024-12-29T04:15:25.398-05:00  INFO 24020 --- [customer_service] [org.springframework.kafka.KafkaListenerEndpointContainer#0-0-C-1] o.a.k.c.c.internals.ConsumerUtils        : Setting offset for partition candidate-response-topic-0 to the committed offset FetchPosition{offset=21, offsetEpoch=Optional.empty, currentLeader=LeaderAndEpoch{leader=Optional[host.docker.internal:9092 (id: 0 rack: null)], epoch=0}}
2024-12-29T04:15:25.401-05:00  INFO 24020 --- [customer_service] [org.springframework.kafka.KafkaListenerEndpointContainer#0-0-C-1] o.s.k.l.KafkaMessageListenerContainer    : customer-group: partitions assigned: [candidate-response-topic-0]
2024-12-29T04:15:30.987-05:00  INFO 24020 --- [customer_service] [http-nio-8080-exec-3] o.a.c.c.C.[Tomcat].[localhost].[/]       : Initializing Spring DispatcherServlet 'dispatcherServlet'
2024-12-29T04:15:30.988-05:00  INFO 24020 --- [customer_service] [http-nio-8080-exec-3] o.s.web.servlet.DispatcherServlet        : Initializing Servlet 'dispatcherServlet'
2024-12-29T04:15:30.988-05:00 DEBUG 24020 --- [customer_service] [http-nio-8080-exec-3] o.s.web.servlet.DispatcherServlet        : Detected StandardServletMultipartResolver
2024-12-29T04:15:30.989-05:00 DEBUG 24020 --- [customer_service] [http-nio-8080-exec-3] o.s.web.servlet.DispatcherServlet        : Detected AcceptHeaderLocaleResolver
2024-12-29T04:15:30.989-05:00 DEBUG 24020 --- [customer_service] [http-nio-8080-exec-3] o.s.web.servlet.DispatcherServlet        : Detected FixedThemeResolver
2024-12-29T04:15:30.990-05:00 DEBUG 24020 --- [customer_service] [http-nio-8080-exec-3] o.s.web.servlet.DispatcherServlet        : Detected org.springframework.web.servlet.view.DefaultRequestToViewNameTranslator@6258ea84
2024-12-29T04:15:30.991-05:00 DEBUG 24020 --- [customer_service] [http-nio-8080-exec-3] o.s.web.servlet.DispatcherServlet        : Detected org.springframework.web.servlet.support.SessionFlashMapManager@22027e62
2024-12-29T04:15:30.992-05:00 DEBUG 24020 --- [customer_service] [http-nio-8080-exec-3] o.s.web.servlet.DispatcherServlet        : enableLoggingRequestDetails='false': request parameters and headers will be masked to prevent unsafe logging of potentially sensitive data
2024-12-29T04:15:30.992-05:00  INFO 24020 --- [customer_service] [http-nio-8080-exec-3] o.s.web.servlet.DispatcherServlet        : Completed initialization in 4 ms
2024-12-29T04:15:31.028-05:00 DEBUG 24020 --- [customer_service] [http-nio-8080-exec-3] o.s.security.web.FilterChainProxy        : Securing POST /api/v1/customers/send/1
2024-12-29T04:15:31.347-05:00 DEBUG 24020 --- [customer_service] [http-nio-8080-exec-3] o.s.security.web.FilterChainProxy        : Secured POST /api/v1/customers/send/1
2024-12-29T04:15:31.350-05:00 DEBUG 24020 --- [customer_service] [http-nio-8080-exec-3] o.s.web.servlet.DispatcherServlet        : POST "/api/v1/customers/send/1", parameters={}
2024-12-29T04:15:31.356-05:00 DEBUG 24020 --- [customer_service] [http-nio-8080-exec-3] s.w.s.m.m.a.RequestMappingHandlerMapping : Mapped to com.example.customer_service.controller.CustomerController#sendCustomerId(Long)
2024-12-29T04:15:31.413-05:00  INFO 24020 --- [customer_service] [http-nio-8080-exec-3] o.a.k.clients.producer.ProducerConfig    : ProducerConfig values: 
	acks = -1
	auto.include.jmx.reporter = true
	batch.size = 16384
	bootstrap.servers = [localhost:9092]
	buffer.memory = 33554432
	client.dns.lookup = use_all_dns_ips
	client.id = customer_service-producer-1
	compression.type = none
	connections.max.idle.ms = 540000
	delivery.timeout.ms = 120000
	enable.idempotence = true
	enable.metrics.push = true
	interceptor.classes = []
	key.serializer = class org.apache.kafka.common.serialization.StringSerializer
	linger.ms = 0
	max.block.ms = 60000
	max.in.flight.requests.per.connection = 5
	max.request.size = 1048576
	metadata.max.age.ms = 300000
	metadata.max.idle.ms = 300000
	metric.reporters = []
	metrics.num.samples = 2
	metrics.recording.level = INFO
	metrics.sample.window.ms = 30000
	partitioner.adaptive.partitioning.enable = true
	partitioner.availability.timeout.ms = 0
	partitioner.class = null
	partitioner.ignore.keys = false
	receive.buffer.bytes = 32768
	reconnect.backoff.max.ms = 1000
	reconnect.backoff.ms = 50
	request.timeout.ms = 30000
	retries = 2147483647
	retry.backoff.max.ms = 1000
	retry.backoff.ms = 100
	sasl.client.callback.handler.class = null
	sasl.jaas.config = null
	sasl.kerberos.kinit.cmd = /usr/bin/kinit
	sasl.kerberos.min.time.before.relogin = 60000
	sasl.kerberos.service.name = null
	sasl.kerberos.ticket.renew.jitter = 0.05
	sasl.kerberos.ticket.renew.window.factor = 0.8
	sasl.login.callback.handler.class = null
	sasl.login.class = null
	sasl.login.connect.timeout.ms = null
	sasl.login.read.timeout.ms = null
	sasl.login.refresh.buffer.seconds = 300
	sasl.login.refresh.min.period.seconds = 60
	sasl.login.refresh.window.factor = 0.8
	sasl.login.refresh.window.jitter = 0.05
	sasl.login.retry.backoff.max.ms = 10000
	sasl.login.retry.backoff.ms = 100
	sasl.mechanism = GSSAPI
	sasl.oauthbearer.clock.skew.seconds = 30
	sasl.oauthbearer.expected.audience = null
	sasl.oauthbearer.expected.issuer = null
	sasl.oauthbearer.jwks.endpoint.refresh.ms = 3600000
	sasl.oauthbearer.jwks.endpoint.retry.backoff.max.ms = 10000
	sasl.oauthbearer.jwks.endpoint.retry.backoff.ms = 100
	sasl.oauthbearer.jwks.endpoint.url = null
	sasl.oauthbearer.scope.claim.name = scope
	sasl.oauthbearer.sub.claim.name = sub
	sasl.oauthbearer.token.endpoint.url = null
	security.protocol = PLAINTEXT
	security.providers = null
	send.buffer.bytes = 131072
	socket.connection.setup.timeout.max.ms = 30000
	socket.connection.setup.timeout.ms = 10000
	ssl.cipher.suites = null
	ssl.enabled.protocols = [TLSv1.2, TLSv1.3]
	ssl.endpoint.identification.algorithm = https
	ssl.engine.factory.class = null
	ssl.key.password = null
	ssl.keymanager.algorithm = SunX509
	ssl.keystore.certificate.chain = null
	ssl.keystore.key = null
	ssl.keystore.location = null
	ssl.keystore.password = null
	ssl.keystore.type = JKS
	ssl.protocol = TLSv1.3
	ssl.provider = null
	ssl.secure.random.implementation = null
	ssl.trustmanager.algorithm = PKIX
	ssl.truststore.certificates = null
	ssl.truststore.location = null
	ssl.truststore.password = null
	ssl.truststore.type = JKS
	transaction.timeout.ms = 60000
	transactional.id = null
	value.serializer = class org.apache.kafka.common.serialization.StringSerializer

2024-12-29T04:15:31.414-05:00  INFO 24020 --- [customer_service] [http-nio-8080-exec-3] o.a.k.c.t.i.KafkaMetricsCollector        : initializing Kafka metrics collector
2024-12-29T04:15:31.436-05:00  INFO 24020 --- [customer_service] [http-nio-8080-exec-3] o.a.k.clients.producer.KafkaProducer     : [Producer clientId=customer_service-producer-1] Instantiated an idempotent producer.
2024-12-29T04:15:31.462-05:00  INFO 24020 --- [customer_service] [http-nio-8080-exec-3] o.a.kafka.common.utils.AppInfoParser     : Kafka version: 3.7.1
2024-12-29T04:15:31.462-05:00  INFO 24020 --- [customer_service] [http-nio-8080-exec-3] o.a.kafka.common.utils.AppInfoParser     : Kafka commitId: e2494e6ffb89f828
2024-12-29T04:15:31.462-05:00  INFO 24020 --- [customer_service] [http-nio-8080-exec-3] o.a.kafka.common.utils.AppInfoParser     : Kafka startTimeMs: 1735463731462
2024-12-29T04:15:31.474-05:00  INFO 24020 --- [customer_service] [kafka-producer-network-thread | customer_service-producer-1] org.apache.kafka.clients.Metadata        : [Producer clientId=customer_service-producer-1] Cluster ID: 6QNKo5SKSy-mP2MZTGkWcg
2024-12-29T04:15:31.487-05:00  INFO 24020 --- [customer_service] [kafka-producer-network-thread | customer_service-producer-1] o.a.k.c.p.internals.TransactionManager   : [Producer clientId=customer_service-producer-1] ProducerId set to 5004 with epoch 0
2024-12-29T04:15:31.492-05:00  INFO 24020 --- [customer_service] [http-nio-8080-exec-3] c.e.c.kafka.CustomerProducerService      : Customer ID sent to Kafka: 1
2024-12-29T04:15:31.513-05:00 DEBUG 24020 --- [customer_service] [http-nio-8080-exec-3] o.s.w.s.m.m.a.HttpEntityMethodProcessor  : Using 'text/plain', given [*/*] and supported [text/plain, */*, application/json, application/*+json]
2024-12-29T04:15:31.513-05:00 DEBUG 24020 --- [customer_service] [http-nio-8080-exec-3] o.s.w.s.m.m.a.HttpEntityMethodProcessor  : Writing ["Customer ID sent to Kafka: 1"]
2024-12-29T04:15:31.522-05:00 DEBUG 24020 --- [customer_service] [http-nio-8080-exec-3] o.s.web.servlet.DispatcherServlet        : Completed 200 OK
2024-12-29T04:15:35.644-05:00  INFO 24020 --- [customer_service] [org.springframework.kafka.KafkaListenerEndpointContainer#0-0-C-1] c.e.c.kafka.CustomerConsumerService      : Response received from Kafka: [{"candidateId":3,"customerId":1,"candidateName":"Keertana","experience":3,"noticePeriod":60,"education":"Bachelor of Science in Computer Science","skills":"Java, Spring Boot, PostgreSQL","phone":"1111111122","email":"keertanap@example.com","source":"LinkedIn","history":"Worked at Accenture","isOpenToWork":true,"contactStatus":"Available"}]
2024-12-29T04:15:46.493-05:00 DEBUG 24020 --- [customer_service] [http-nio-8080-exec-1] o.s.security.web.FilterChainProxy        : Securing POST /api/v1/customers/send/1
2024-12-29T04:15:46.536-05:00 DEBUG 24020 --- [customer_service] [http-nio-8080-exec-1] o.s.security.web.FilterChainProxy        : Secured POST /api/v1/customers/send/1
2024-12-29T04:15:46.537-05:00 DEBUG 24020 --- [customer_service] [http-nio-8080-exec-1] o.s.web.servlet.DispatcherServlet        : POST "/api/v1/customers/send/1", parameters={}
2024-12-29T04:15:46.539-05:00 DEBUG 24020 --- [customer_service] [http-nio-8080-exec-1] s.w.s.m.m.a.RequestMappingHandlerMapping : Mapped to com.example.customer_service.controller.CustomerController#sendCustomerId(Long)
2024-12-29T04:15:46.542-05:00  INFO 24020 --- [customer_service] [http-nio-8080-exec-1] c.e.c.kafka.CustomerProducerService      : Customer ID sent to Kafka: 1
2024-12-29T04:15:46.547-05:00 DEBUG 24020 --- [customer_service] [http-nio-8080-exec-1] o.s.w.s.m.m.a.HttpEntityMethodProcessor  : Using 'text/plain', given [*/*] and supported [text/plain, */*, application/json, application/*+json]
2024-12-29T04:15:46.549-05:00 DEBUG 24020 --- [customer_service] [http-nio-8080-exec-1] o.s.w.s.m.m.a.HttpEntityMethodProcessor  : Writing ["Customer ID sent to Kafka: 1"]
2024-12-29T04:15:46.553-05:00 DEBUG 24020 --- [customer_service] [http-nio-8080-exec-1] o.s.web.servlet.DispatcherServlet        : Completed 200 OK
2024-12-29T04:15:46.589-05:00  INFO 24020 --- [customer_service] [org.springframework.kafka.KafkaListenerEndpointContainer#0-0-C-1] c.e.c.kafka.CustomerConsumerService      : Response received from Kafka: [{"candidateId":3,"customerId":1,"candidateName":"Keertana","experience":3,"noticePeriod":60,"education":"Bachelor of Science in Computer Science","skills":"Java, Spring Boot, PostgreSQL","phone":"1111111122","email":"keertanap@example.com","source":"LinkedIn","history":"Worked at Accenture","isOpenToWork":true,"contactStatus":"Available"}]
2024-12-29T04:24:25.835-05:00  INFO 24020 --- [customer_service] [org.springframework.kafka.KafkaListenerEndpointContainer#0-0-C-1] org.apache.kafka.clients.NetworkClient   : [Consumer clientId=consumer-customer-group-1, groupId=customer-group] Node -1 disconnected.
2024-12-29T04:24:31.564-05:00  INFO 24020 --- [customer_service] [kafka-producer-network-thread | customer_service-producer-1] org.apache.kafka.clients.NetworkClient   : [Producer clientId=customer_service-producer-1] Node -1 disconnected.
2024-12-29T04:34:25.427-05:00  INFO 24020 --- [customer_service] [org.springframework.kafka.KafkaListenerEndpointContainer#0-0-C-1] org.apache.kafka.clients.NetworkClient   : [Consumer clientId=consumer-customer-group-1, groupId=customer-group] Node -1 disconnected.
2024-12-29T04:34:31.559-05:00  INFO 24020 --- [customer_service] [kafka-producer-network-thread | customer_service-producer-1] org.apache.kafka.clients.NetworkClient   : [Producer clientId=customer_service-producer-1] Node -1 disconnected.
2024-12-29T15:25:58.530-05:00  INFO 24020 --- [customer_service] [kafka-producer-network-thread | customer_service-producer-1] org.apache.kafka.clients.NetworkClient   : [Producer clientId=customer_service-producer-1] Node 0 disconnected.
2024-12-29T15:25:58.518-05:00  INFO 24020 --- [customer_service] [org.springframework.kafka.KafkaListenerEndpointContainer#0-0-C-1] org.apache.kafka.clients.NetworkClient   : [Consumer clientId=consumer-customer-group-1, groupId=customer-group] Node 2147483647 disconnected.
2024-12-29T15:25:58.642-05:00  INFO 24020 --- [customer_service] [kafka-coordinator-heartbeat-thread | customer-group] o.a.k.c.c.internals.ConsumerCoordinator  : [Consumer clientId=consumer-customer-group-1, groupId=customer-group] Group coordinator host.docker.internal:9092 (id: 2147483647 rack: null) is unavailable or invalid due to cause: session timed out without receiving a heartbeat response. isDisconnected: false. Rediscovery will be attempted.
2024-12-29T15:25:58.643-05:00  INFO 24020 --- [customer_service] [kafka-coordinator-heartbeat-thread | customer-group] o.a.k.c.c.internals.ConsumerCoordinator  : [Consumer clientId=consumer-customer-group-1, groupId=customer-group] Requesting disconnect from last known coordinator host.docker.internal:9092 (id: 2147483647 rack: null)
2024-12-29T15:25:58.972-05:00  INFO 24020 --- [customer_service] [org.springframework.kafka.KafkaListenerEndpointContainer#0-0-C-1] o.a.k.c.c.internals.ConsumerCoordinator  : [Consumer clientId=consumer-customer-group-1, groupId=customer-group] Discovered group coordinator host.docker.internal:9092 (id: 2147483647 rack: null)
2024-12-29T15:26:16.514-05:00  WARN 24020 --- [customer_service] [HikariPool-1 housekeeper] com.zaxxer.hikari.pool.HikariPool        : HikariPool-1 - Thread starvation or clock leap detected (housekeeper delta=9h4m25s6ms102µs500ns).
2024-12-29T15:28:10.401-05:00  INFO 24020 --- [customer_service] [org.springframework.kafka.KafkaListenerEndpointContainer#0-0-C-1] k.c.c.i.ConsumerRebalanceListenerInvoker : [Consumer clientId=consumer-customer-group-1, groupId=customer-group] Revoke previously assigned partitions candidate-response-topic-0
2024-12-29T15:28:10.597-05:00  INFO 24020 --- [customer_service] [org.springframework.kafka.KafkaListenerEndpointContainer#0-0-C-1] o.s.k.l.KafkaMessageListenerContainer    : customer-group: partitions revoked: [candidate-response-topic-0]
2024-12-29T15:28:10.631-05:00  INFO 24020 --- [customer_service] [org.springframework.kafka.KafkaListenerEndpointContainer#0-0-C-1] o.a.k.c.c.internals.ConsumerCoordinator  : [Consumer clientId=consumer-customer-group-1, groupId=customer-group] Member consumer-customer-group-1-f18dc6cc-9b5f-4105-880a-798cc0c0f9eb sending LeaveGroup request to coordinator host.docker.internal:9092 (id: 2147483647 rack: null) due to the consumer unsubscribed from all topics
2024-12-29T15:28:10.692-05:00  INFO 24020 --- [customer_service] [org.springframework.kafka.KafkaListenerEndpointContainer#0-0-C-1] o.a.k.c.c.internals.ConsumerCoordinator  : [Consumer clientId=consumer-customer-group-1, groupId=customer-group] Resetting generation and member id due to: consumer pro-actively leaving the group
2024-12-29T15:28:10.693-05:00  INFO 24020 --- [customer_service] [org.springframework.kafka.KafkaListenerEndpointContainer#0-0-C-1] o.a.k.c.c.internals.ConsumerCoordinator  : [Consumer clientId=consumer-customer-group-1, groupId=customer-group] Request joining group due to: consumer pro-actively leaving the group
2024-12-29T15:28:10.697-05:00  INFO 24020 --- [customer_service] [org.springframework.kafka.KafkaListenerEndpointContainer#0-0-C-1] o.a.k.c.c.internals.LegacyKafkaConsumer  : [Consumer clientId=consumer-customer-group-1, groupId=customer-group] Unsubscribed all topics or patterns and assigned partitions
2024-12-29T15:28:10.933-05:00  INFO 24020 --- [customer_service] [org.springframework.kafka.KafkaListenerEndpointContainer#0-0-C-1] o.a.k.c.c.internals.ConsumerCoordinator  : [Consumer clientId=consumer-customer-group-1, groupId=customer-group] Resetting generation and member id due to: consumer pro-actively leaving the group
2024-12-29T15:28:10.933-05:00  INFO 24020 --- [customer_service] [org.springframework.kafka.KafkaListenerEndpointContainer#0-0-C-1] o.a.k.c.c.internals.ConsumerCoordinator  : [Consumer clientId=consumer-customer-group-1, groupId=customer-group] Request joining group due to: consumer pro-actively leaving the group
2024-12-29T15:28:11.659-05:00  INFO 24020 --- [customer_service] [org.springframework.kafka.KafkaListenerEndpointContainer#0-0-C-1] o.apache.kafka.common.metrics.Metrics    : Metrics scheduler closed
2024-12-29T15:28:11.660-05:00  INFO 24020 --- [customer_service] [org.springframework.kafka.KafkaListenerEndpointContainer#0-0-C-1] o.apache.kafka.common.metrics.Metrics    : Closing reporter org.apache.kafka.common.metrics.JmxReporter
2024-12-29T15:28:11.661-05:00  INFO 24020 --- [customer_service] [org.springframework.kafka.KafkaListenerEndpointContainer#0-0-C-1] o.apache.kafka.common.metrics.Metrics    : Closing reporter org.apache.kafka.common.telemetry.internals.ClientTelemetryReporter
2024-12-29T15:28:11.663-05:00  INFO 24020 --- [customer_service] [org.springframework.kafka.KafkaListenerEndpointContainer#0-0-C-1] o.apache.kafka.common.metrics.Metrics    : Metrics reporters closed
2024-12-29T15:28:11.751-05:00  INFO 24020 --- [customer_service] [org.springframework.kafka.KafkaListenerEndpointContainer#0-0-C-1] o.a.kafka.common.utils.AppInfoParser     : App info kafka.consumer for consumer-customer-group-1 unregistered
2024-12-29T15:28:11.772-05:00  INFO 24020 --- [customer_service] [org.springframework.kafka.KafkaListenerEndpointContainer#0-0-C-1] o.s.k.l.KafkaMessageListenerContainer    : customer-group: Consumer stopped
2024-12-29T15:28:12.004-05:00  INFO 24020 --- [customer_service] [SpringApplicationShutdownHook] o.a.k.clients.producer.KafkaProducer     : [Producer clientId=customer_service-producer-1] Closing the Kafka producer with timeoutMillis = 30000 ms.
2024-12-29T15:28:12.056-05:00  INFO 24020 --- [customer_service] [SpringApplicationShutdownHook] o.apache.kafka.common.metrics.Metrics    : Metrics scheduler closed
2024-12-29T15:28:12.056-05:00  INFO 24020 --- [customer_service] [SpringApplicationShutdownHook] o.apache.kafka.common.metrics.Metrics    : Closing reporter org.apache.kafka.common.metrics.JmxReporter
2024-12-29T15:28:12.057-05:00  INFO 24020 --- [customer_service] [SpringApplicationShutdownHook] o.apache.kafka.common.metrics.Metrics    : Closing reporter org.apache.kafka.common.telemetry.internals.ClientTelemetryReporter
2024-12-29T15:28:12.057-05:00  INFO 24020 --- [customer_service] [SpringApplicationShutdownHook] o.apache.kafka.common.metrics.Metrics    : Metrics reporters closed
2024-12-29T15:28:12.068-05:00  INFO 24020 --- [customer_service] [SpringApplicationShutdownHook] o.a.kafka.common.utils.AppInfoParser     : App info kafka.producer for customer_service-producer-1 unregistered
2024-12-29T15:28:12.185-05:00  INFO 24020 --- [customer_service] [SpringApplicationShutdownHook] j.LocalContainerEntityManagerFactoryBean : Closing JPA EntityManagerFactory for persistence unit 'default'
2024-12-29T15:28:12.345-05:00  INFO 24020 --- [customer_service] [SpringApplicationShutdownHook] com.zaxxer.hikari.HikariDataSource       : HikariPool-1 - Shutdown initiated...
2024-12-29T15:28:12.419-05:00  INFO 24020 --- [customer_service] [SpringApplicationShutdownHook] com.zaxxer.hikari.HikariDataSource       : HikariPool-1 - Shutdown completed.
2024-12-29T15:28:44.314-05:00  INFO 45692 --- [customer_service] [main] c.e.c.CustomerServiceApplication         : Starting CustomerServiceApplication using Java 23.0.1 with PID 45692 (C:\Users\psaik\customer_service\target\classes started by psaik in C:\Users\psaik\customer_service)
2024-12-29T15:28:44.319-05:00 DEBUG 45692 --- [customer_service] [main] c.e.c.CustomerServiceApplication         : Running with Spring Boot v3.3.5, Spring v6.1.14
2024-12-29T15:28:44.322-05:00  INFO 45692 --- [customer_service] [main] c.e.c.CustomerServiceApplication         : No active profile set, falling back to 1 default profile: "default"
2024-12-29T15:28:46.027-05:00  INFO 45692 --- [customer_service] [main] .s.d.r.c.RepositoryConfigurationDelegate : Bootstrapping Spring Data JPA repositories in DEFAULT mode.
2024-12-29T15:28:46.153-05:00  INFO 45692 --- [customer_service] [main] .s.d.r.c.RepositoryConfigurationDelegate : Finished Spring Data repository scanning in 108 ms. Found 1 JPA repository interface.
2024-12-29T15:28:47.570-05:00  INFO 45692 --- [customer_service] [main] o.s.b.w.embedded.tomcat.TomcatWebServer  : Tomcat initialized with port 8080 (http)
2024-12-29T15:28:47.599-05:00  INFO 45692 --- [customer_service] [main] o.apache.catalina.core.StandardService   : Starting service [Tomcat]
2024-12-29T15:28:47.600-05:00  INFO 45692 --- [customer_service] [main] o.apache.catalina.core.StandardEngine    : Starting Servlet engine: [Apache Tomcat/10.1.31]
2024-12-29T15:28:47.698-05:00  INFO 45692 --- [customer_service] [main] o.a.c.c.C.[Tomcat].[localhost].[/]       : Initializing Spring embedded WebApplicationContext
2024-12-29T15:28:47.699-05:00  INFO 45692 --- [customer_service] [main] w.s.c.ServletWebServerApplicationContext : Root WebApplicationContext: initialization completed in 3245 ms
2024-12-29T15:28:47.793-05:00 DEBUG 45692 --- [customer_service] [main] c.e.c.security.JwtRequestFilter          : Filter 'jwtRequestFilter' configured for use
2024-12-29T15:28:47.994-05:00  INFO 45692 --- [customer_service] [main] o.hibernate.jpa.internal.util.LogHelper  : HHH000204: Processing PersistenceUnitInfo [name: default]
2024-12-29T15:28:48.122-05:00  INFO 45692 --- [customer_service] [main] org.hibernate.Version                    : HHH000412: Hibernate ORM core version 6.5.3.Final
2024-12-29T15:28:48.183-05:00  INFO 45692 --- [customer_service] [main] o.h.c.internal.RegionFactoryInitiator    : HHH000026: Second-level cache disabled
2024-12-29T15:28:48.888-05:00  INFO 45692 --- [customer_service] [main] o.s.o.j.p.SpringPersistenceUnitInfo      : No LoadTimeWeaver setup: ignoring JPA class transformer
2024-12-29T15:28:48.986-05:00  INFO 45692 --- [customer_service] [main] com.zaxxer.hikari.HikariDataSource       : HikariPool-1 - Starting...
2024-12-29T15:28:49.329-05:00  INFO 45692 --- [customer_service] [main] com.zaxxer.hikari.pool.HikariPool        : HikariPool-1 - Added connection org.postgresql.jdbc.PgConnection@2262f0d8
2024-12-29T15:28:49.332-05:00  INFO 45692 --- [customer_service] [main] com.zaxxer.hikari.HikariDataSource       : HikariPool-1 - Start completed.
2024-12-29T15:28:49.409-05:00  WARN 45692 --- [customer_service] [main] org.hibernate.orm.deprecation            : HHH90000025: PostgreSQLDialect does not need to be specified explicitly using 'hibernate.dialect' (remove the property setting and it will be selected by default)
2024-12-29T15:28:51.336-05:00  INFO 45692 --- [customer_service] [main] o.h.e.t.j.p.i.JtaPlatformInitiator       : HHH000489: No JTA platform available (set 'hibernate.transaction.jta.platform' to enable JTA platform integration)
2024-12-29T15:28:51.528-05:00  INFO 45692 --- [customer_service] [main] j.LocalContainerEntityManagerFactoryBean : Initialized JPA EntityManagerFactory for persistence unit 'default'
2024-12-29T15:28:52.043-05:00  INFO 45692 --- [customer_service] [main] o.s.d.j.r.query.QueryEnhancerFactory     : Hibernate is in classpath; If applicable, HQL parser will be used.
2024-12-29T15:28:52.679-05:00  WARN 45692 --- [customer_service] [main] o.s.aop.framework.CglibAopProxy          : Unable to proxy interface-implementing method [public final void org.springframework.web.filter.OncePerRequestFilter.doFilter(jakarta.servlet.ServletRequest,jakarta.servlet.ServletResponse,jakarta.servlet.FilterChain) throws jakarta.servlet.ServletException,java.io.IOException] because it is marked as final, consider using interface-based JDK proxies instead.
2024-12-29T15:28:52.680-05:00  WARN 45692 --- [customer_service] [main] o.s.aop.framework.CglibAopProxy          : Unable to proxy interface-implementing method [public final void org.springframework.web.filter.GenericFilterBean.init(jakarta.servlet.FilterConfig) throws jakarta.servlet.ServletException] because it is marked as final, consider using interface-based JDK proxies instead.
2024-12-29T15:28:52.929-05:00  WARN 45692 --- [customer_service] [main] JpaBaseConfiguration$JpaWebConfiguration : spring.jpa.open-in-view is enabled by default. Therefore, database queries may be performed during view rendering. Explicitly configure spring.jpa.open-in-view to disable this warning
2024-12-29T15:28:53.005-05:00  INFO 45692 --- [customer_service] [main] eAuthenticationProviderManagerConfigurer : Global AuthenticationManager configured with AuthenticationProvider bean with name authenticationProvider
2024-12-29T15:28:53.006-05:00  WARN 45692 --- [customer_service] [main] r$InitializeUserDetailsManagerConfigurer : Global AuthenticationManager configured with an AuthenticationProvider bean. UserDetailsService beans will not be used for username/password login. Consider removing the AuthenticationProvider bean. Alternatively, consider using the UserDetailsService in a manually instantiated DaoAuthenticationProvider.
2024-12-29T15:28:53.270-05:00 DEBUG 45692 --- [customer_service] [main] s.w.s.m.m.a.RequestMappingHandlerMapping : 10 mappings in 'requestMappingHandlerMapping'
2024-12-29T15:28:53.411-05:00 DEBUG 45692 --- [customer_service] [main] o.s.w.s.handler.SimpleUrlHandlerMapping  : Patterns [/webjars/**, /**] in 'resourceHandlerMapping'
2024-12-29T15:28:53.491-05:00 DEBUG 45692 --- [customer_service] [main] o.s.s.web.DefaultSecurityFilterChain     : Will secure any request with filters: DisableEncodeUrlFilter, WebAsyncManagerIntegrationFilter, SecurityContextHolderFilter, HeaderWriterFilter, LogoutFilter, JwtRequestFilter$$SpringCGLIB$$0, RequestCacheAwareFilter, SecurityContextHolderAwareRequestFilter, AnonymousAuthenticationFilter, ExceptionTranslationFilter, AuthorizationFilter
2024-12-29T15:28:53.618-05:00 DEBUG 45692 --- [customer_service] [main] s.w.s.m.m.a.RequestMappingHandlerAdapter : ControllerAdvice beans: 0 @ModelAttribute, 0 @InitBinder, 1 RequestBodyAdvice, 1 ResponseBodyAdvice
2024-12-29T15:28:53.717-05:00 DEBUG 45692 --- [customer_service] [main] .m.m.a.ExceptionHandlerExceptionResolver : ControllerAdvice beans: 1 @ExceptionHandler, 1 ResponseBodyAdvice
2024-12-29T15:28:54.152-05:00  INFO 45692 --- [customer_service] [main] o.s.b.w.embedded.tomcat.TomcatWebServer  : Tomcat started on port 8080 (http) with context path '/'
2024-12-29T15:28:54.278-05:00  INFO 45692 --- [customer_service] [main] o.a.k.clients.consumer.ConsumerConfig    : ConsumerConfig values: 
	allow.auto.create.topics = true
	auto.commit.interval.ms = 5000
	auto.include.jmx.reporter = true
	auto.offset.reset = latest
	bootstrap.servers = [localhost:9092]
	check.crcs = true
	client.dns.lookup = use_all_dns_ips
	client.id = consumer-customer-group-1
	client.rack = 
	connections.max.idle.ms = 540000
	default.api.timeout.ms = 60000
	enable.auto.commit = false
	enable.metrics.push = true
	exclude.internal.topics = true
	fetch.max.bytes = 52428800
	fetch.max.wait.ms = 500
	fetch.min.bytes = 1
	group.id = customer-group
	group.instance.id = null
	group.protocol = classic
	group.remote.assignor = null
	heartbeat.interval.ms = 3000
	interceptor.classes = []
	internal.leave.group.on.close = true
	internal.throw.on.fetch.stable.offset.unsupported = false
	isolation.level = read_uncommitted
	key.deserializer = class org.apache.kafka.common.serialization.StringDeserializer
	max.partition.fetch.bytes = 1048576
	max.poll.interval.ms = 300000
	max.poll.records = 500
	metadata.max.age.ms = 300000
	metric.reporters = []
	metrics.num.samples = 2
	metrics.recording.level = INFO
	metrics.sample.window.ms = 30000
	partition.assignment.strategy = [class org.apache.kafka.clients.consumer.RangeAssignor, class org.apache.kafka.clients.consumer.CooperativeStickyAssignor]
	receive.buffer.bytes = 65536
	reconnect.backoff.max.ms = 1000
	reconnect.backoff.ms = 50
	request.timeout.ms = 30000
	retry.backoff.max.ms = 1000
	retry.backoff.ms = 100
	sasl.client.callback.handler.class = null
	sasl.jaas.config = null
	sasl.kerberos.kinit.cmd = /usr/bin/kinit
	sasl.kerberos.min.time.before.relogin = 60000
	sasl.kerberos.service.name = null
	sasl.kerberos.ticket.renew.jitter = 0.05
	sasl.kerberos.ticket.renew.window.factor = 0.8
	sasl.login.callback.handler.class = null
	sasl.login.class = null
	sasl.login.connect.timeout.ms = null
	sasl.login.read.timeout.ms = null
	sasl.login.refresh.buffer.seconds = 300
	sasl.login.refresh.min.period.seconds = 60
	sasl.login.refresh.window.factor = 0.8
	sasl.login.refresh.window.jitter = 0.05
	sasl.login.retry.backoff.max.ms = 10000
	sasl.login.retry.backoff.ms = 100
	sasl.mechanism = GSSAPI
	sasl.oauthbearer.clock.skew.seconds = 30
	sasl.oauthbearer.expected.audience = null
	sasl.oauthbearer.expected.issuer = null
	sasl.oauthbearer.jwks.endpoint.refresh.ms = 3600000
	sasl.oauthbearer.jwks.endpoint.retry.backoff.max.ms = 10000
	sasl.oauthbearer.jwks.endpoint.retry.backoff.ms = 100
	sasl.oauthbearer.jwks.endpoint.url = null
	sasl.oauthbearer.scope.claim.name = scope
	sasl.oauthbearer.sub.claim.name = sub
	sasl.oauthbearer.token.endpoint.url = null
	security.protocol = PLAINTEXT
	security.providers = null
	send.buffer.bytes = 131072
	session.timeout.ms = 45000
	socket.connection.setup.timeout.max.ms = 30000
	socket.connection.setup.timeout.ms = 10000
	ssl.cipher.suites = null
	ssl.enabled.protocols = [TLSv1.2, TLSv1.3]
	ssl.endpoint.identification.algorithm = https
	ssl.engine.factory.class = null
	ssl.key.password = null
	ssl.keymanager.algorithm = SunX509
	ssl.keystore.certificate.chain = null
	ssl.keystore.key = null
	ssl.keystore.location = null
	ssl.keystore.password = null
	ssl.keystore.type = JKS
	ssl.protocol = TLSv1.3
	ssl.provider = null
	ssl.secure.random.implementation = null
	ssl.trustmanager.algorithm = PKIX
	ssl.truststore.certificates = null
	ssl.truststore.location = null
	ssl.truststore.password = null
	ssl.truststore.type = JKS
	value.deserializer = class org.apache.kafka.common.serialization.StringDeserializer

2024-12-29T15:28:54.452-05:00  INFO 45692 --- [customer_service] [main] o.a.k.c.t.i.KafkaMetricsCollector        : initializing Kafka metrics collector
2024-12-29T15:28:54.694-05:00  INFO 45692 --- [customer_service] [main] o.a.kafka.common.utils.AppInfoParser     : Kafka version: 3.7.1
2024-12-29T15:28:54.694-05:00  INFO 45692 --- [customer_service] [main] o.a.kafka.common.utils.AppInfoParser     : Kafka commitId: e2494e6ffb89f828
2024-12-29T15:28:54.694-05:00  INFO 45692 --- [customer_service] [main] o.a.kafka.common.utils.AppInfoParser     : Kafka startTimeMs: 1735504134687
2024-12-29T15:28:54.707-05:00  INFO 45692 --- [customer_service] [main] o.a.k.c.c.internals.LegacyKafkaConsumer  : [Consumer clientId=consumer-customer-group-1, groupId=customer-group] Subscribed to topic(s): candidate-response-topic
2024-12-29T15:28:54.738-05:00  INFO 45692 --- [customer_service] [main] c.e.c.CustomerServiceApplication         : Started CustomerServiceApplication in 11.735 seconds (process running for 14.714)
2024-12-29T15:28:55.892-05:00  INFO 45692 --- [customer_service] [org.springframework.kafka.KafkaListenerEndpointContainer#0-0-C-1] org.apache.kafka.clients.Metadata        : [Consumer clientId=consumer-customer-group-1, groupId=customer-group] Cluster ID: 6QNKo5SKSy-mP2MZTGkWcg
2024-12-29T15:28:55.893-05:00  INFO 45692 --- [customer_service] [org.springframework.kafka.KafkaListenerEndpointContainer#0-0-C-1] o.a.k.c.c.internals.ConsumerCoordinator  : [Consumer clientId=consumer-customer-group-1, groupId=customer-group] Discovered group coordinator host.docker.internal:9092 (id: 2147483647 rack: null)
2024-12-29T15:28:55.904-05:00  INFO 45692 --- [customer_service] [org.springframework.kafka.KafkaListenerEndpointContainer#0-0-C-1] o.a.k.c.c.internals.ConsumerCoordinator  : [Consumer clientId=consumer-customer-group-1, groupId=customer-group] (Re-)joining group
2024-12-29T15:28:55.946-05:00  INFO 45692 --- [customer_service] [org.springframework.kafka.KafkaListenerEndpointContainer#0-0-C-1] o.a.k.c.c.internals.ConsumerCoordinator  : [Consumer clientId=consumer-customer-group-1, groupId=customer-group] Request joining group due to: need to re-join with the given member-id: consumer-customer-group-1-80cb4d3d-a266-457b-8e8a-f95555f7aeeb
2024-12-29T15:28:55.948-05:00  INFO 45692 --- [customer_service] [org.springframework.kafka.KafkaListenerEndpointContainer#0-0-C-1] o.a.k.c.c.internals.ConsumerCoordinator  : [Consumer clientId=consumer-customer-group-1, groupId=customer-group] (Re-)joining group
2024-12-29T15:28:55.961-05:00  INFO 45692 --- [customer_service] [org.springframework.kafka.KafkaListenerEndpointContainer#0-0-C-1] o.a.k.c.c.internals.ConsumerCoordinator  : [Consumer clientId=consumer-customer-group-1, groupId=customer-group] Successfully joined group with generation Generation{generationId=30, memberId='consumer-customer-group-1-80cb4d3d-a266-457b-8e8a-f95555f7aeeb', protocol='range'}
2024-12-29T15:28:55.979-05:00  INFO 45692 --- [customer_service] [org.springframework.kafka.KafkaListenerEndpointContainer#0-0-C-1] o.a.k.c.c.internals.ConsumerCoordinator  : [Consumer clientId=consumer-customer-group-1, groupId=customer-group] Finished assignment for group at generation 30: {consumer-customer-group-1-80cb4d3d-a266-457b-8e8a-f95555f7aeeb=Assignment(partitions=[candidate-response-topic-0])}
2024-12-29T15:28:56.005-05:00  INFO 45692 --- [customer_service] [org.springframework.kafka.KafkaListenerEndpointContainer#0-0-C-1] o.a.k.c.c.internals.ConsumerCoordinator  : [Consumer clientId=consumer-customer-group-1, groupId=customer-group] Successfully synced group in generation Generation{generationId=30, memberId='consumer-customer-group-1-80cb4d3d-a266-457b-8e8a-f95555f7aeeb', protocol='range'}
2024-12-29T15:28:56.007-05:00  INFO 45692 --- [customer_service] [org.springframework.kafka.KafkaListenerEndpointContainer#0-0-C-1] o.a.k.c.c.internals.ConsumerCoordinator  : [Consumer clientId=consumer-customer-group-1, groupId=customer-group] Notifying assignor about the new Assignment(partitions=[candidate-response-topic-0])
2024-12-29T15:28:56.018-05:00  INFO 45692 --- [customer_service] [org.springframework.kafka.KafkaListenerEndpointContainer#0-0-C-1] k.c.c.i.ConsumerRebalanceListenerInvoker : [Consumer clientId=consumer-customer-group-1, groupId=customer-group] Adding newly assigned partitions: candidate-response-topic-0
2024-12-29T15:28:56.133-05:00  INFO 45692 --- [customer_service] [org.springframework.kafka.KafkaListenerEndpointContainer#0-0-C-1] o.a.k.c.c.internals.ConsumerUtils        : Setting offset for partition candidate-response-topic-0 to the committed offset FetchPosition{offset=23, offsetEpoch=Optional.empty, currentLeader=LeaderAndEpoch{leader=Optional[host.docker.internal:9092 (id: 0 rack: null)], epoch=0}}
2024-12-29T15:28:56.139-05:00  INFO 45692 --- [customer_service] [org.springframework.kafka.KafkaListenerEndpointContainer#0-0-C-1] o.s.k.l.KafkaMessageListenerContainer    : customer-group: partitions assigned: [candidate-response-topic-0]
2024-12-29T15:29:20.795-05:00  INFO 45692 --- [customer_service] [http-nio-8080-exec-2] o.a.c.c.C.[Tomcat].[localhost].[/]       : Initializing Spring DispatcherServlet 'dispatcherServlet'
2024-12-29T15:29:20.796-05:00  INFO 45692 --- [customer_service] [http-nio-8080-exec-2] o.s.web.servlet.DispatcherServlet        : Initializing Servlet 'dispatcherServlet'
2024-12-29T15:29:20.796-05:00 DEBUG 45692 --- [customer_service] [http-nio-8080-exec-2] o.s.web.servlet.DispatcherServlet        : Detected StandardServletMultipartResolver
2024-12-29T15:29:20.797-05:00 DEBUG 45692 --- [customer_service] [http-nio-8080-exec-2] o.s.web.servlet.DispatcherServlet        : Detected AcceptHeaderLocaleResolver
2024-12-29T15:29:20.797-05:00 DEBUG 45692 --- [customer_service] [http-nio-8080-exec-2] o.s.web.servlet.DispatcherServlet        : Detected FixedThemeResolver
2024-12-29T15:29:20.799-05:00 DEBUG 45692 --- [customer_service] [http-nio-8080-exec-2] o.s.web.servlet.DispatcherServlet        : Detected org.springframework.web.servlet.view.DefaultRequestToViewNameTranslator@3ae81b53
2024-12-29T15:29:20.800-05:00 DEBUG 45692 --- [customer_service] [http-nio-8080-exec-2] o.s.web.servlet.DispatcherServlet        : Detected org.springframework.web.servlet.support.SessionFlashMapManager@5c4c4e96
2024-12-29T15:29:20.800-05:00 DEBUG 45692 --- [customer_service] [http-nio-8080-exec-2] o.s.web.servlet.DispatcherServlet        : enableLoggingRequestDetails='false': request parameters and headers will be masked to prevent unsafe logging of potentially sensitive data
2024-12-29T15:29:20.801-05:00  INFO 45692 --- [customer_service] [http-nio-8080-exec-2] o.s.web.servlet.DispatcherServlet        : Completed initialization in 5 ms
2024-12-29T15:29:20.847-05:00 DEBUG 45692 --- [customer_service] [http-nio-8080-exec-2] o.s.security.web.FilterChainProxy        : Securing POST /api/v1/auth/login
2024-12-29T15:29:20.875-05:00 DEBUG 45692 --- [customer_service] [http-nio-8080-exec-2] o.s.security.web.FilterChainProxy        : Secured POST /api/v1/auth/login
2024-12-29T15:29:20.882-05:00 DEBUG 45692 --- [customer_service] [http-nio-8080-exec-2] o.s.web.servlet.DispatcherServlet        : POST "/api/v1/auth/login", parameters={}
2024-12-29T15:29:20.887-05:00 DEBUG 45692 --- [customer_service] [http-nio-8080-exec-2] s.w.s.m.m.a.RequestMappingHandlerMapping : Mapped to com.example.customer_service.controller.AuthController#login(AuthRequest)
2024-12-29T15:29:21.452-05:00 DEBUG 45692 --- [customer_service] [http-nio-8080-exec-2] m.m.a.RequestResponseBodyMethodProcessor : Read "application/json;charset=UTF-8" to [AuthRequest(email=Keertanap@gmail.com, password=1234)]
2024-12-29T15:29:22.224-05:00 DEBUG 45692 --- [customer_service] [http-nio-8080-exec-2] o.s.s.a.dao.DaoAuthenticationProvider    : Authenticated user
2024-12-29T15:29:22.420-05:00 DEBUG 45692 --- [customer_service] [http-nio-8080-exec-2] m.m.a.RequestResponseBodyMethodProcessor : Using 'application/json', given [*/*] and supported [application/json, application/*+json]
2024-12-29T15:29:22.423-05:00 DEBUG 45692 --- [customer_service] [http-nio-8080-exec-2] m.m.a.RequestResponseBodyMethodProcessor : Writing [AuthResponse(token=eyJhbGciOiJIUzI1NiJ9.eyJzdWIiOiJLZWVydGFuYXBAZ21haWwuY29tIiwicm9sZXMiOlsiUk9MRV9B (truncated)...]
2024-12-29T15:29:22.457-05:00 DEBUG 45692 --- [customer_service] [http-nio-8080-exec-2] o.s.web.servlet.DispatcherServlet        : Completed 200 OK
2024-12-29T15:29:22.459-05:00 DEBUG 45692 --- [customer_service] [http-nio-8080-exec-2] o.s.s.w.a.AnonymousAuthenticationFilter  : Set SecurityContextHolder to anonymous SecurityContext
2024-12-29T15:29:47.365-05:00 DEBUG 45692 --- [customer_service] [http-nio-8080-exec-4] o.s.security.web.FilterChainProxy        : Securing GET /api/v1/customers/send/1
2024-12-29T15:29:47.682-05:00 DEBUG 45692 --- [customer_service] [http-nio-8080-exec-4] o.s.security.web.FilterChainProxy        : Secured GET /api/v1/customers/send/1
2024-12-29T15:29:47.683-05:00 DEBUG 45692 --- [customer_service] [http-nio-8080-exec-4] o.s.web.servlet.DispatcherServlet        : GET "/api/v1/customers/send/1", parameters={}
2024-12-29T15:29:47.685-05:00 DEBUG 45692 --- [customer_service] [http-nio-8080-exec-4] s.w.s.m.m.a.RequestMappingHandlerMapping : Mapped to com.example.customer_service.controller.CustomerController#sendCustomerId(Long)
2024-12-29T15:29:47.785-05:00  INFO 45692 --- [customer_service] [http-nio-8080-exec-4] o.a.k.clients.producer.ProducerConfig    : ProducerConfig values: 
	acks = -1
	auto.include.jmx.reporter = true
	batch.size = 16384
	bootstrap.servers = [localhost:9092]
	buffer.memory = 33554432
	client.dns.lookup = use_all_dns_ips
	client.id = customer_service-producer-1
	compression.type = none
	connections.max.idle.ms = 540000
	delivery.timeout.ms = 120000
	enable.idempotence = true
	enable.metrics.push = true
	interceptor.classes = []
	key.serializer = class org.apache.kafka.common.serialization.StringSerializer
	linger.ms = 0
	max.block.ms = 60000
	max.in.flight.requests.per.connection = 5
	max.request.size = 1048576
	metadata.max.age.ms = 300000
	metadata.max.idle.ms = 300000
	metric.reporters = []
	metrics.num.samples = 2
	metrics.recording.level = INFO
	metrics.sample.window.ms = 30000
	partitioner.adaptive.partitioning.enable = true
	partitioner.availability.timeout.ms = 0
	partitioner.class = null
	partitioner.ignore.keys = false
	receive.buffer.bytes = 32768
	reconnect.backoff.max.ms = 1000
	reconnect.backoff.ms = 50
	request.timeout.ms = 30000
	retries = 2147483647
	retry.backoff.max.ms = 1000
	retry.backoff.ms = 100
	sasl.client.callback.handler.class = null
	sasl.jaas.config = null
	sasl.kerberos.kinit.cmd = /usr/bin/kinit
	sasl.kerberos.min.time.before.relogin = 60000
	sasl.kerberos.service.name = null
	sasl.kerberos.ticket.renew.jitter = 0.05
	sasl.kerberos.ticket.renew.window.factor = 0.8
	sasl.login.callback.handler.class = null
	sasl.login.class = null
	sasl.login.connect.timeout.ms = null
	sasl.login.read.timeout.ms = null
	sasl.login.refresh.buffer.seconds = 300
	sasl.login.refresh.min.period.seconds = 60
	sasl.login.refresh.window.factor = 0.8
	sasl.login.refresh.window.jitter = 0.05
	sasl.login.retry.backoff.max.ms = 10000
	sasl.login.retry.backoff.ms = 100
	sasl.mechanism = GSSAPI
	sasl.oauthbearer.clock.skew.seconds = 30
	sasl.oauthbearer.expected.audience = null
	sasl.oauthbearer.expected.issuer = null
	sasl.oauthbearer.jwks.endpoint.refresh.ms = 3600000
	sasl.oauthbearer.jwks.endpoint.retry.backoff.max.ms = 10000
	sasl.oauthbearer.jwks.endpoint.retry.backoff.ms = 100
	sasl.oauthbearer.jwks.endpoint.url = null
	sasl.oauthbearer.scope.claim.name = scope
	sasl.oauthbearer.sub.claim.name = sub
	sasl.oauthbearer.token.endpoint.url = null
	security.protocol = PLAINTEXT
	security.providers = null
	send.buffer.bytes = 131072
	socket.connection.setup.timeout.max.ms = 30000
	socket.connection.setup.timeout.ms = 10000
	ssl.cipher.suites = null
	ssl.enabled.protocols = [TLSv1.2, TLSv1.3]
	ssl.endpoint.identification.algorithm = https
	ssl.engine.factory.class = null
	ssl.key.password = null
	ssl.keymanager.algorithm = SunX509
	ssl.keystore.certificate.chain = null
	ssl.keystore.key = null
	ssl.keystore.location = null
	ssl.keystore.password = null
	ssl.keystore.type = JKS
	ssl.protocol = TLSv1.3
	ssl.provider = null
	ssl.secure.random.implementation = null
	ssl.trustmanager.algorithm = PKIX
	ssl.truststore.certificates = null
	ssl.truststore.location = null
	ssl.truststore.password = null
	ssl.truststore.type = JKS
	transaction.timeout.ms = 60000
	transactional.id = null
	value.serializer = class org.apache.kafka.common.serialization.StringSerializer

2024-12-29T15:29:47.790-05:00  INFO 45692 --- [customer_service] [http-nio-8080-exec-4] o.a.k.c.t.i.KafkaMetricsCollector        : initializing Kafka metrics collector
2024-12-29T15:29:47.841-05:00  INFO 45692 --- [customer_service] [http-nio-8080-exec-4] o.a.k.clients.producer.KafkaProducer     : [Producer clientId=customer_service-producer-1] Instantiated an idempotent producer.
2024-12-29T15:29:47.949-05:00  INFO 45692 --- [customer_service] [http-nio-8080-exec-4] o.a.kafka.common.utils.AppInfoParser     : Kafka version: 3.7.1
2024-12-29T15:29:47.950-05:00  INFO 45692 --- [customer_service] [http-nio-8080-exec-4] o.a.kafka.common.utils.AppInfoParser     : Kafka commitId: e2494e6ffb89f828
2024-12-29T15:29:47.951-05:00  INFO 45692 --- [customer_service] [http-nio-8080-exec-4] o.a.kafka.common.utils.AppInfoParser     : Kafka startTimeMs: 1735504187949
2024-12-29T15:29:47.978-05:00  INFO 45692 --- [customer_service] [kafka-producer-network-thread | customer_service-producer-1] org.apache.kafka.clients.Metadata        : [Producer clientId=customer_service-producer-1] Cluster ID: 6QNKo5SKSy-mP2MZTGkWcg
2024-12-29T15:29:48.002-05:00  INFO 45692 --- [customer_service] [kafka-producer-network-thread | customer_service-producer-1] o.a.k.c.p.internals.TransactionManager   : [Producer clientId=customer_service-producer-1] ProducerId set to 5006 with epoch 0
2024-12-29T15:29:48.027-05:00  INFO 45692 --- [customer_service] [http-nio-8080-exec-4] c.e.c.kafka.CustomerProducerService      : Customer ID sent to Kafka: 1
2024-12-29T15:29:48.040-05:00 DEBUG 45692 --- [customer_service] [http-nio-8080-exec-4] o.s.w.s.m.m.a.HttpEntityMethodProcessor  : Using 'text/plain', given [*/*] and supported [text/plain, */*, application/json, application/*+json]
2024-12-29T15:29:48.041-05:00 DEBUG 45692 --- [customer_service] [http-nio-8080-exec-4] o.s.w.s.m.m.a.HttpEntityMethodProcessor  : Writing ["Customer ID sent to Kafka: 1"]
2024-12-29T15:29:48.051-05:00 DEBUG 45692 --- [customer_service] [http-nio-8080-exec-4] o.s.web.servlet.DispatcherServlet        : Completed 200 OK
2024-12-29T15:29:49.828-05:00  INFO 45692 --- [customer_service] [org.springframework.kafka.KafkaListenerEndpointContainer#0-0-C-1] c.e.c.kafka.CustomerConsumerService      : Response received from Kafka: [{"candidateId":3,"customerId":1,"candidateName":"Keertana","experience":3,"noticePeriod":60,"education":"Bachelor of Science in Computer Science","skills":"Java, Spring Boot, PostgreSQL","phone":"1111111122","email":"keertanap@example.com","source":"LinkedIn","history":"Worked at Accenture","isOpenToWork":true,"contactStatus":"Available"}]
2024-12-29T15:32:43.941-05:00 DEBUG 45692 --- [customer_service] [http-nio-8080-exec-6] o.s.security.web.FilterChainProxy        : Securing GET /api/v1/customers/send/2
2024-12-29T15:32:44.219-05:00 DEBUG 45692 --- [customer_service] [http-nio-8080-exec-6] o.s.security.web.FilterChainProxy        : Secured GET /api/v1/customers/send/2
2024-12-29T15:32:44.224-05:00 DEBUG 45692 --- [customer_service] [http-nio-8080-exec-6] o.s.web.servlet.DispatcherServlet        : GET "/api/v1/customers/send/2", parameters={}
2024-12-29T15:32:44.228-05:00 DEBUG 45692 --- [customer_service] [http-nio-8080-exec-6] s.w.s.m.m.a.RequestMappingHandlerMapping : Mapped to com.example.customer_service.controller.CustomerController#sendCustomerId(Long)
2024-12-29T15:32:44.258-05:00  INFO 45692 --- [customer_service] [http-nio-8080-exec-6] c.e.c.kafka.CustomerProducerService      : Customer ID sent to Kafka: 2
2024-12-29T15:32:44.271-05:00 DEBUG 45692 --- [customer_service] [http-nio-8080-exec-6] o.s.w.s.m.m.a.HttpEntityMethodProcessor  : Using 'text/plain', given [*/*] and supported [text/plain, */*, application/json, application/*+json]
2024-12-29T15:32:44.272-05:00 DEBUG 45692 --- [customer_service] [http-nio-8080-exec-6] o.s.w.s.m.m.a.HttpEntityMethodProcessor  : Writing ["Customer ID sent to Kafka: 2"]
2024-12-29T15:32:44.284-05:00 DEBUG 45692 --- [customer_service] [http-nio-8080-exec-6] o.s.web.servlet.DispatcherServlet        : Completed 200 OK
2024-12-29T15:32:44.737-05:00  INFO 45692 --- [customer_service] [org.springframework.kafka.KafkaListenerEndpointContainer#0-0-C-1] c.e.c.kafka.CustomerConsumerService      : Response received from Kafka: [{"candidateId":4,"customerId":2,"candidateName":"Rohini","experience":4,"noticePeriod":30,"education":"Bachelor of Science in Computer Science","skills":"Java, Spring Boot, PostgreSQL","phone":"1111111222","email":"rohini@example.com","source":"LinkedIn","history":"Worked at Infosys","isOpenToWork":true,"contactStatus":"Available"}]
2024-12-29T15:33:21.294-05:00  INFO 45692 --- [customer_service] [org.springframework.kafka.KafkaListenerEndpointContainer#0-0-C-1] k.c.c.i.ConsumerRebalanceListenerInvoker : [Consumer clientId=consumer-customer-group-1, groupId=customer-group] Revoke previously assigned partitions candidate-response-topic-0
2024-12-29T15:33:21.302-05:00  INFO 45692 --- [customer_service] [org.springframework.kafka.KafkaListenerEndpointContainer#0-0-C-1] o.s.k.l.KafkaMessageListenerContainer    : customer-group: partitions revoked: [candidate-response-topic-0]
2024-12-29T15:33:21.308-05:00  INFO 45692 --- [customer_service] [org.springframework.kafka.KafkaListenerEndpointContainer#0-0-C-1] o.a.k.c.c.internals.ConsumerCoordinator  : [Consumer clientId=consumer-customer-group-1, groupId=customer-group] Member consumer-customer-group-1-80cb4d3d-a266-457b-8e8a-f95555f7aeeb sending LeaveGroup request to coordinator host.docker.internal:9092 (id: 2147483647 rack: null) due to the consumer unsubscribed from all topics
2024-12-29T15:33:21.312-05:00  INFO 45692 --- [customer_service] [org.springframework.kafka.KafkaListenerEndpointContainer#0-0-C-1] o.a.k.c.c.internals.ConsumerCoordinator  : [Consumer clientId=consumer-customer-group-1, groupId=customer-group] Resetting generation and member id due to: consumer pro-actively leaving the group
2024-12-29T15:33:21.312-05:00  INFO 45692 --- [customer_service] [org.springframework.kafka.KafkaListenerEndpointContainer#0-0-C-1] o.a.k.c.c.internals.ConsumerCoordinator  : [Consumer clientId=consumer-customer-group-1, groupId=customer-group] Request joining group due to: consumer pro-actively leaving the group
2024-12-29T15:33:21.313-05:00  INFO 45692 --- [customer_service] [org.springframework.kafka.KafkaListenerEndpointContainer#0-0-C-1] o.a.k.c.c.internals.LegacyKafkaConsumer  : [Consumer clientId=consumer-customer-group-1, groupId=customer-group] Unsubscribed all topics or patterns and assigned partitions
2024-12-29T15:33:21.323-05:00  INFO 45692 --- [customer_service] [org.springframework.kafka.KafkaListenerEndpointContainer#0-0-C-1] o.a.k.c.c.internals.ConsumerCoordinator  : [Consumer clientId=consumer-customer-group-1, groupId=customer-group] Resetting generation and member id due to: consumer pro-actively leaving the group
2024-12-29T15:33:21.323-05:00  INFO 45692 --- [customer_service] [org.springframework.kafka.KafkaListenerEndpointContainer#0-0-C-1] o.a.k.c.c.internals.ConsumerCoordinator  : [Consumer clientId=consumer-customer-group-1, groupId=customer-group] Request joining group due to: consumer pro-actively leaving the group
2024-12-29T15:33:21.808-05:00  INFO 45692 --- [customer_service] [org.springframework.kafka.KafkaListenerEndpointContainer#0-0-C-1] o.apache.kafka.common.metrics.Metrics    : Metrics scheduler closed
2024-12-29T15:33:21.808-05:00  INFO 45692 --- [customer_service] [org.springframework.kafka.KafkaListenerEndpointContainer#0-0-C-1] o.apache.kafka.common.metrics.Metrics    : Closing reporter org.apache.kafka.common.metrics.JmxReporter
2024-12-29T15:33:21.809-05:00  INFO 45692 --- [customer_service] [org.springframework.kafka.KafkaListenerEndpointContainer#0-0-C-1] o.apache.kafka.common.metrics.Metrics    : Closing reporter org.apache.kafka.common.telemetry.internals.ClientTelemetryReporter
2024-12-29T15:33:21.809-05:00  INFO 45692 --- [customer_service] [org.springframework.kafka.KafkaListenerEndpointContainer#0-0-C-1] o.apache.kafka.common.metrics.Metrics    : Metrics reporters closed
2024-12-29T15:33:21.838-05:00  INFO 45692 --- [customer_service] [org.springframework.kafka.KafkaListenerEndpointContainer#0-0-C-1] o.a.kafka.common.utils.AppInfoParser     : App info kafka.consumer for consumer-customer-group-1 unregistered
2024-12-29T15:33:21.839-05:00  INFO 45692 --- [customer_service] [org.springframework.kafka.KafkaListenerEndpointContainer#0-0-C-1] o.s.k.l.KafkaMessageListenerContainer    : customer-group: Consumer stopped
2024-12-29T15:33:21.862-05:00  INFO 45692 --- [customer_service] [SpringApplicationShutdownHook] o.a.k.clients.producer.KafkaProducer     : [Producer clientId=customer_service-producer-1] Closing the Kafka producer with timeoutMillis = 30000 ms.
2024-12-29T15:33:21.881-05:00  INFO 45692 --- [customer_service] [SpringApplicationShutdownHook] o.apache.kafka.common.metrics.Metrics    : Metrics scheduler closed
2024-12-29T15:33:21.881-05:00  INFO 45692 --- [customer_service] [SpringApplicationShutdownHook] o.apache.kafka.common.metrics.Metrics    : Closing reporter org.apache.kafka.common.metrics.JmxReporter
2024-12-29T15:33:21.883-05:00  INFO 45692 --- [customer_service] [SpringApplicationShutdownHook] o.apache.kafka.common.metrics.Metrics    : Closing reporter org.apache.kafka.common.telemetry.internals.ClientTelemetryReporter
2024-12-29T15:33:21.883-05:00  INFO 45692 --- [customer_service] [SpringApplicationShutdownHook] o.apache.kafka.common.metrics.Metrics    : Metrics reporters closed
2024-12-29T15:33:21.883-05:00  INFO 45692 --- [customer_service] [SpringApplicationShutdownHook] o.a.kafka.common.utils.AppInfoParser     : App info kafka.producer for customer_service-producer-1 unregistered
2024-12-29T15:33:21.893-05:00  INFO 45692 --- [customer_service] [SpringApplicationShutdownHook] j.LocalContainerEntityManagerFactoryBean : Closing JPA EntityManagerFactory for persistence unit 'default'
2024-12-29T15:33:21.910-05:00  INFO 45692 --- [customer_service] [SpringApplicationShutdownHook] com.zaxxer.hikari.HikariDataSource       : HikariPool-1 - Shutdown initiated...
2024-12-29T15:33:21.920-05:00  INFO 45692 --- [customer_service] [SpringApplicationShutdownHook] com.zaxxer.hikari.HikariDataSource       : HikariPool-1 - Shutdown completed.
